ID,Year_Birth,Education,Marital_Status,Income,Kidhome,Teenhome,Dt_Customer,Recency,MntWines,MntFruits,MntMeatProducts,MntFishProducts,MntSweetProducts,MntGoldProds,NumDealsPurchases,NumWebPurchases,NumCatalogPurchases,NumStorePurchases,NumWebVisitsMonth
837,1977,Graduation,Married,54809.0,1,1,2013-09-11,0,63,6,57,13,13,22,4,2,1,5,4
9500,1959,Graduation,Married,58113.0,0,1,2013-01-25,66,221,104,169,102,78,84,3,9,2,8,7
3602,1958,Master,Married,51412.0,0,1,2013-12-31,42,140,3,29,4,5,14,2,3,2,4,4
234,1979,Graduation,Divorced,15287.0,1,0,2012-10-10,60,1,2,8,4,3,13,2,1,1,2,7
2995,1957,Master,Together,66636.0,0,0,2013-08-17,64,291,10,689,84,10,0,1,3,4,9,1
1118,1956,Master,Married,50965.0,0,1,2013-02-20,87,544,13,85,8,6,29,3,10,4,5,8
7789,1965,PhD,Married,84618.0,0,0,2013-11-22,96,684,100,801,21,66,0,1,6,9,10,2
3068,1990,Graduation,Married,18351.0,0,0,2013-10-29,1,1,12,9,0,14,7,1,2,0,3,7
8955,1957,PhD,Together,40451.0,0,2,2014-02-16,54,35,0,4,0,0,10,1,1,1,2,5
945,1965,Graduation,Together,36317.0,0,1,2013-05-22,53,87,3,25,3,2,13,2,3,0,4,7
5644,1957,Graduation,Together,42213.0,0,1,2013-10-12,96,309,3,24,4,3,20,2,5,1,7,7
7192,1955,Graduation,Together,65748.0,0,1,2013-04-15,58,172,73,93,95,78,34,2,2,4,10,1
2324,1972,Graduation,Together,77044.0,0,1,2013-10-27,12,625,38,242,50,34,76,2,7,11,11,4
697,1969,Graduation,Together,74918.0,0,0,2013-03-12,78,972,59,913,25,19,59,1,5,9,6,3
3439,1972,Graduation,Married,56721.0,1,1,2012-10-31,64,157,6,39,6,13,75,5,4,1,5,6
1506,1975,Graduation,Single,42160.0,1,1,2013-06-28,26,48,9,45,3,15,20,4,2,1,4,6
232,1965,Graduation,Single,61559.0,0,1,2013-07-17,8,279,83,88,32,14,34,1,4,2,10,3
8876,1963,PhD,Together,33629.0,1,1,2012-08-08,49,132,0,16,0,0,4,5,3,1,4,9
4500,1991,PhD,Together,68682.0,0,0,2013-10-06,56,919,0,505,99,30,45,1,4,9,10,2
9739,1963,Graduation,Single,34377.0,0,1,2013-01-19,55,62,0,22,3,1,26,2,2,2,2,7
10395,1986,Basic,Single,8940.0,1,0,2012-08-22,25,1,45,3,4,6,42,3,3,1,3,8
1176,1973,Graduation,Married,26228.0,1,0,2013-09-22,50,2,6,4,3,1,9,1,1,0,2,8
1627,1957,2n Cycle,Divorced,77297.0,0,0,2013-01-26,84,408,61,109,48,122,41,1,5,7,9,4
938,1981,Graduation,Married,40211.0,1,1,2013-07-30,30,51,1,7,2,1,25,2,2,1,2,8
2740,1958,PhD,Widow,33438.0,1,1,2013-09-22,81,62,1,16,3,2,6,4,2,1,4,5
257,1959,PhD,Married,75032.0,0,1,2013-04-28,74,952,12,180,47,12,12,2,5,4,9,3
4058,1955,PhD,Single,61284.0,0,0,2013-10-12,76,618,15,106,20,7,45,1,11,2,8,6
7736,1986,Graduation,Married,22518.0,1,0,2012-10-22,36,11,7,12,2,2,27,2,2,1,2,5
8210,1975,Master,Married,54730.0,0,1,2013-08-15,64,318,3,17,4,7,56,5,4,1,8,4
833,1955,Master,Married,38452.0,1,1,2014-03-30,62,56,0,14,0,0,2,3,3,0,3,7
6230,1971,Graduation,Divorced,44421.0,1,1,2013-02-15,53,110,5,59,7,1,7,5,5,0,4,8
7325,1986,PhD,Together,38197.0,1,0,2013-06-29,86,23,0,11,2,1,3,1,1,0,3,5
1307,1978,Graduation,Divorced,41986.0,0,1,2014-02-09,15,27,5,8,8,3,12,3,3,0,4,4
1502,1983,Graduation,Together,28427.0,1,0,2013-03-21,67,18,3,19,3,3,6,2,2,0,3,8
6211,1976,PhD,Together,37395.0,1,0,2014-05-02,47,18,0,9,0,1,11,1,1,0,3,6
843,1971,Graduation,Married,64722.0,1,0,2014-05-26,47,303,0,280,60,147,15,4,8,2,11,6
4174,1956,Master,Together,55249.0,0,1,2014-04-17,81,97,1,19,2,0,11,1,2,1,4,3
9757,1972,Graduation,Together,84906.0,0,0,2013-10-04,98,997,15,414,99,30,76,1,5,6,12,2
6918,1989,Graduation,Married,28691.0,1,0,2013-07-04,56,5,4,13,8,0,4,1,1,0,3,8
286,1952,Graduation,Single,44213.0,1,1,2013-11-29,48,95,11,35,0,4,7,4,2,1,5,6
11086,1984,Basic,Single,25707.0,1,0,2014-01-18,18,1,6,2,3,6,3,1,1,0,3,7
1921,1967,PhD,Married,59062.0,2,1,2013-10-03,74,46,1,12,3,0,9,2,2,0,3,4
4138,1962,Graduation,Single,76624.0,0,1,2014-05-24,68,411,106,147,54,115,66,1,5,10,7,1
7718,1947,Master,Together,66000.0,0,0,2014-04-20,36,244,51,270,101,0,45,1,1,3,5,1
1291,1978,PhD,Together,27683.0,1,0,2012-08-04,90,152,9,121,12,12,45,4,6,2,4,8
6862,1971,Graduation,Divorced,1730.0,0,0,2014-05-18,65,1,1,3,1,1,1,15,0,0,0,20
4136,1992,Basic,Single,7500.0,1,0,2012-12-03,63,10,17,18,8,26,40,4,3,2,2,9
803,1968,Graduation,Together,40521.0,1,1,2013-04-05,82,12,0,5,0,0,4,1,0,1,2,5
4298,1973,PhD,Together,20427.0,1,0,2014-03-24,63,5,0,4,0,0,1,1,1,0,2,8
10833,1975,Graduation,Married,65106.0,0,1,2014-05-24,55,790,19,133,12,0,19,3,8,3,13,6
9606,1965,PhD,Married,69969.0,0,0,2013-08-27,64,882,29,514,38,29,44,1,4,2,6,3
8534,1952,Graduation,Married,67433.0,0,2,2013-07-16,51,615,28,259,12,48,30,4,6,5,13,4
5153,1967,PhD,Married,77766.0,0,1,2013-02-22,97,1004,59,265,115,59,27,2,11,10,11,6
961,1972,Graduation,Married,74716.0,0,1,2013-09-12,92,133,27,421,13,195,71,2,7,3,5,4
5011,1963,Graduation,Divorced,68118.0,0,1,2013-10-18,51,595,23,123,10,23,154,2,8,9,4,6
6653,1970,PhD,Married,55158.0,1,1,2012-07-30,72,293,0,87,4,11,23,4,7,2,5,7
9094,1955,2n Cycle,Married,62972.0,0,1,2012-08-03,39,313,15,47,20,0,192,2,7,4,3,6
810,1975,Graduation,Married,74190.0,0,1,2014-05-12,49,151,81,86,168,91,64,2,4,2,11,2
5493,1976,Graduation,Married,39356.0,1,1,2014-03-19,21,15,0,2,0,0,6,1,1,0,2,6
2147,1969,Graduation,Together,76653.0,0,0,2013-08-16,91,736,63,946,219,189,126,1,4,7,11,2
5107,1973,PhD,Divorced,35860.0,1,1,2014-05-19,37,15,0,8,4,2,20,2,1,1,2,5
3979,1983,PhD,Divorced,90687.0,0,0,2013-05-22,98,982,17,672,23,34,51,1,6,2,8,2
6049,1982,Master,Together,73450.0,0,0,2013-12-05,85,1142,51,415,90,69,37,1,7,8,11,3
8147,1960,Graduation,Married,31454.0,1,1,2013-07-06,40,28,0,11,0,0,9,3,2,0,3,8
1857,1952,Graduation,Single,47139.0,1,1,2014-03-06,2,46,0,12,0,2,23,2,2,1,2,7
3910,1975,Graduation,Divorced,83829.0,0,0,2013-10-08,78,897,161,430,186,161,27,0,4,7,6,1
5207,1963,PhD,Married,53378.0,1,1,2012-09-24,41,489,6,152,8,6,132,10,9,4,6,8
11114,1970,Graduation,Together,19656.0,1,0,2013-02-08,94,25,4,9,6,8,32,3,2,1,3,7
5429,1948,PhD,Married,45579.0,0,1,2013-08-20,10,145,1,33,2,1,1,1,4,1,4,6
9400,1958,2n Cycle,Single,85485.0,0,0,2014-06-21,73,630,26,611,44,18,54,1,6,6,6,2
1740,1944,Graduation,Married,55956.0,0,0,2014-04-07,22,760,38,104,50,9,38,2,7,3,4,4
7488,1963,Master,Single,64191.0,0,1,2013-01-22,30,420,15,186,151,38,15,3,5,3,13,3
195,1972,Graduation,Single,38808.0,1,0,2012-08-26,21,125,17,52,3,19,30,4,5,1,4,8
635,1966,Master,Married,57183.0,1,1,2013-03-19,51,464,5,64,7,0,70,8,9,1,7,8
7527,1968,Master,Divorced,23748.0,1,0,2012-11-21,97,6,6,29,12,15,8,3,2,1,3,8
10319,1971,Graduation,Married,66303.0,0,1,2013-02-26,56,1090,12,96,16,12,60,4,3,4,11,8
2296,1975,Master,Married,37368.0,1,0,2013-12-16,4,3,2,11,2,2,10,1,1,0,2,6
10637,1964,Graduation,Married,40800.0,1,2,2013-01-01,77,24,0,27,8,30,10,2,3,0,3,7
2931,1978,Graduation,Divorced,71847.0,0,0,2012-09-21,95,737,21,106,55,63,210,0,6,7,9,3
907,1975,Graduation,Married,46149.0,0,1,2013-11-29,36,254,6,71,4,0,27,5,5,1,7,5
3698,1983,Graduation,Together,78687.0,0,0,2012-08-09,13,817,185,687,145,55,241,1,4,6,8,2
9516,1971,2n Cycle,Divorced,49118.0,0,0,2012-08-18,90,620,54,239,99,98,119,2,9,7,10,7
679,1957,PhD,Married,37633.0,1,1,2012-09-20,49,13,4,20,0,0,1,2,1,0,3,9
7384,1951,Master,Together,39767.0,0,0,2013-07-21,18,113,61,204,34,26,47,2,7,1,7,8
5043,1951,Basic,Married,26997.0,0,0,2012-11-05,89,7,23,78,133,49,144,2,4,2,5,7
5267,1970,Graduation,Divorced,33986.0,1,0,2013-03-14,43,16,2,18,2,1,5,1,1,0,3,7
339,1972,PhD,Married,57091.0,0,1,2012-11-23,82,462,0,24,6,0,4,2,9,2,5,7
2516,1969,2n Cycle,Married,46831.0,1,1,2013-06-08,84,22,2,10,6,4,34,2,1,2,2,4
9010,1972,Master,Married,83151.0,0,0,2013-02-10,80,968,147,842,137,42,210,1,5,7,10,2
378,1971,Graduation,Married,52531.0,0,0,2012-12-30,68,283,112,151,51,72,125,2,7,2,10,6
4808,1956,Graduation,Married,15759.0,0,0,2013-09-05,12,1,2,5,6,0,3,1,1,0,2,7
5068,1971,Graduation,Single,22804.0,1,0,2013-07-31,75,14,1,7,2,1,1,1,2,0,2,9
7628,1973,2n Cycle,Married,43050.0,1,0,2014-03-18,10,30,5,24,6,3,8,2,2,0,4,5
7128,1977,PhD,Single,42997.0,1,1,2013-12-07,91,4,0,5,0,1,5,1,1,0,2,7
2811,1963,PhD,Single,48918.0,1,1,2014-04-12,21,52,0,9,0,0,1,2,1,0,4,4
3551,1954,Master,Together,60033.0,0,1,2014-03-29,28,62,1,57,19,11,48,2,2,1,5,2
1663,1978,PhD,Together,34043.0,1,0,2013-10-25,97,20,2,14,3,0,10,1,2,0,2,9
5543,1966,Graduation,Together,57811.0,0,1,2013-06-24,49,545,7,114,37,21,78,5,7,2,11,5
1577,1946,Graduation,Married,78569.0,0,0,2014-02-19,14,558,79,622,207,175,95,1,4,6,4,1
10641,1978,Graduation,Single,7500.0,1,1,2012-12-27,5,6,5,4,13,4,25,4,2,1,3,6
5336,1971,Master,Together,157733.0,1,0,2013-06-04,37,39,1,9,2,0,8,0,1,0,1,1
6024,1953,Graduation,Together,94384.0,0,0,2013-03-04,62,1111,24,790,160,45,172,0,5,8,5,2
1878,1985,2n Cycle,Married,23148.0,0,0,2014-02-18,83,4,6,8,6,3,10,1,2,0,3,7
3099,1970,Graduation,Divorced,44267.0,1,1,2013-02-25,48,183,5,65,3,5,49,5,5,2,4,9
6055,1979,Graduation,Married,71626.0,0,0,2012-11-01,94,546,72,376,94,145,72,1,5,5,8,3
5841,1966,Graduation,Together,60894.0,0,1,2013-06-28,61,606,7,155,10,0,54,5,10,3,8,7
3972,1976,Graduation,Together,50200.0,1,1,2013-04-03,70,266,6,51,8,6,64,6,7,1,5,8
4394,1965,PhD,Married,81051.0,0,0,2014-05-23,43,1142,29,249,38,29,14,1,5,5,12,2
5758,1982,Graduation,Married,65169.0,0,0,2014-01-14,23,1074,0,69,0,0,46,1,10,4,13,6
6658,1972,Graduation,Together,59868.0,0,1,2013-07-22,37,771,51,154,54,10,154,7,11,2,12,6
4603,1960,PhD,Married,65695.0,0,1,2014-01-31,50,371,32,189,0,58,6,2,5,4,10,4
8427,1956,Master,Single,64857.0,0,0,2012-11-23,78,556,14,717,210,0,43,1,7,5,10,4
10260,1965,Master,Together,45143.0,0,1,2013-08-26,74,202,5,74,11,5,14,3,6,1,5,7
7143,1955,2n Cycle,Together,74805.0,0,1,2013-11-06,14,209,162,209,41,162,37,5,4,7,10,2
8789,1989,2n Cycle,Married,59060.0,1,0,2014-01-11,77,35,40,111,36,40,12,3,3,1,7,4
6197,1962,PhD,Single,27238.0,1,1,2013-04-20,39,37,0,17,0,0,3,3,3,0,3,9
4554,1965,Graduation,Together,47009.0,0,1,2013-10-01,89,171,45,73,59,10,90,4,3,2,8,4
4937,1973,2n Cycle,Married,46094.0,1,1,2014-06-10,62,12,2,20,3,2,5,1,1,0,3,7
1920,1972,Graduation,Married,40321.0,1,1,2013-07-29,59,44,4,21,6,0,27,2,3,0,3,7
8749,1984,Graduation,Together,37235.0,1,0,2014-02-01,68,20,2,9,4,6,20,1,1,1,2,4
1650,1960,Master,Married,81843.0,0,0,2013-04-22,13,779,86,537,34,69,138,1,5,9,12,3
10377,1958,Master,Together,46692.0,0,1,2013-06-06,37,170,6,97,24,12,88,3,6,1,5,6
9206,1968,Graduation,Together,77382.0,0,1,2014-01-07,36,491,48,231,112,105,134,2,5,7,12,1
10971,1977,Graduation,Single,37774.0,2,0,2012-09-03,28,173,8,107,7,2,176,4,7,2,3,9
6398,1974,Basic,Married,18393.0,1,0,2014-03-29,2,7,10,13,16,0,4,2,3,0,3,8
9212,1962,Master,Married,72828.0,0,1,2013-02-14,17,1205,0,235,19,14,205,6,6,3,13,7
7937,1982,Graduation,Married,24711.0,0,0,2014-04-18,86,10,7,25,6,3,7,1,3,0,3,7
839,1975,PhD,Married,45503.0,1,0,2013-09-25,54,97,4,44,6,1,18,1,3,1,4,5
4246,1982,Master,Single,6560.0,0,0,2013-12-12,2,67,11,26,4,3,262,0,1,0,1,17
158,1945,PhD,Together,71604.0,0,0,2013-11-17,3,345,53,528,98,75,97,1,8,3,5,4
4832,1979,Graduation,Married,27244.0,1,0,2014-03-07,84,6,5,17,3,24,46,2,2,2,2,7
5621,1969,Graduation,Married,48752.0,1,1,2012-12-12,8,73,57,100,71,15,0,5,6,1,5,9
1945,1962,Graduation,Married,71434.0,0,1,2013-09-18,4,711,36,217,172,96,168,3,7,4,7,4
5147,1948,Graduation,Single,90842.0,0,0,2013-07-29,57,774,70,118,182,187,93,1,4,9,13,1
2535,1978,Master,Married,88097.0,1,0,2012-08-18,24,163,0,480,0,126,75,1,6,5,8,9
11039,1975,Graduation,Married,51948.0,0,1,2013-09-17,51,82,33,54,71,30,41,2,5,2,4,5
9495,1982,Graduation,Together,71853.0,0,0,2013-05-08,29,358,108,413,141,97,32,1,2,8,6,1
9635,1983,Master,Married,35876.0,0,0,2014-04-20,13,66,2,40,4,3,14,1,3,1,3,6
2173,1952,Graduation,Widow,40049.0,0,1,2013-10-16,23,13,6,7,0,3,3,1,1,0,3,6
942,1982,Graduation,Single,39660.0,1,0,2012-08-08,36,139,13,78,20,13,36,3,7,1,3,9
9386,1962,Graduation,Together,50127.0,0,1,2014-05-29,88,274,0,21,4,6,15,1,5,1,6,6
5510,1977,Master,Married,43263.0,0,1,2012-11-21,2,262,6,61,0,10,102,3,5,2,6,5
873,1949,Master,Married,62845.0,1,1,2012-10-01,3,1099,0,45,0,0,34,11,3,4,10,8
2253,1990,Graduation,Married,18929.0,0,0,2013-02-16,15,32,0,8,23,4,18,1,1,0,4,6
5181,1982,Basic,Single,24367.0,1,0,2013-03-20,58,2,4,2,0,11,5,1,1,0,2,9
979,1975,Graduation,Single,33249.0,1,0,2013-02-20,11,6,10,21,19,14,42,2,2,1,3,6
10390,1959,2n Cycle,Married,26887.0,0,1,2013-02-10,27,6,7,4,3,4,6,1,1,0,3,6
4698,1983,PhD,Married,50150.0,0,0,2013-06-20,32,135,46,92,65,61,11,2,5,2,7,5
7793,1976,Graduation,Together,62061.0,0,1,2013-08-31,12,641,7,84,0,30,38,3,10,4,7,6
1745,1962,PhD,Divorced,85696.0,0,0,2013-05-03,88,714,76,395,116,0,12,1,4,6,9,1
10590,1956,PhD,Together,76542.0,0,0,2013-03-30,91,794,73,573,0,29,14,1,4,8,10,2
5080,1993,Graduation,Single,70515.0,0,0,2013-10-21,12,420,0,452,182,64,140,1,6,6,4,2
8369,1987,Graduation,Together,18227.0,1,0,2012-11-08,21,1,2,7,4,3,11,1,0,1,2,8
5232,1965,Graduation,Married,69139.0,0,1,2014-01-27,23,86,12,75,33,15,6,1,4,1,5,4
2407,1982,Graduation,Married,69109.0,0,0,2012-11-09,10,823,25,459,124,29,95,1,6,6,7,4
3834,1962,Graduation,Single,69627.0,0,1,2013-03-17,35,231,161,215,171,30,53,2,8,2,11,5
7912,1978,Graduation,Married,38136.0,1,0,2013-04-22,69,8,15,27,0,20,33,2,3,1,2,8
7712,1946,PhD,Single,62159.0,0,0,2014-04-28,68,182,17,259,77,70,29,1,6,2,10,4
1065,1963,Graduation,Single,80695.0,0,0,2013-12-29,85,557,129,984,193,37,18,1,5,8,5,2
7275,1971,Master,Single,33316.0,1,1,2013-10-04,34,79,1,31,4,4,12,3,2,1,4,6
1343,1968,Graduation,Together,58554.0,1,1,2012-09-26,55,368,24,68,38,0,88,6,8,2,6,7
1384,1992,Basic,Married,17256.0,1,0,2013-11-23,10,6,4,14,8,8,22,2,2,1,2,8
9967,1974,Graduation,Divorced,53034.0,1,1,2013-05-30,30,160,15,196,15,11,50,8,6,1,7,8
6181,1950,2n Cycle,Together,52203.0,0,0,2012-07-31,36,488,21,238,56,108,28,1,8,7,11,6
10507,1977,2n Cycle,Divorced,59601.0,0,1,2013-07-25,14,691,7,69,0,7,23,4,2,2,7,8
2674,1958,Master,Single,75154.0,0,1,2012-09-04,79,543,10,205,160,143,82,1,6,3,6,3
2698,1976,Graduation,Single,47025.0,0,1,2013-11-07,52,254,7,108,20,0,26,3,6,3,5,6
3231,1973,Graduation,Married,37971.0,1,0,2013-11-25,97,5,4,10,2,2,7,1,1,0,3,8
4096,1968,Master,Divorced,41335.0,1,0,2013-12-26,24,112,19,21,16,14,5,3,4,1,4,7
10476,1958,Graduation,Married,67267.0,0,1,2014-05-13,0,134,11,59,15,2,30,1,3,2,5,2
5948,1975,Graduation,Single,57338.0,0,1,2014-04-29,96,143,6,52,11,8,17,2,4,1,5,5
9140,1960,2n Cycle,Together,50523.0,1,1,2013-12-25,89,51,4,24,4,7,1,2,2,0,4,6
10258,1965,Master,Single,35791.0,2,1,2013-05-06,94,27,0,5,0,0,3,2,1,0,3,8
5675,1960,PhD,Divorced,50611.0,0,1,2012-10-04,98,459,0,24,6,0,4,6,4,5,7,6
4743,1969,PhD,Married,56242.0,0,1,2013-03-03,72,689,8,167,11,8,88,5,8,4,11,6
8805,1960,Graduation,Single,48904.0,0,1,2012-12-02,1,283,10,38,0,13,27,4,7,2,4,8
1542,1975,Graduation,Single,56243.0,1,2,2013-12-30,26,347,0,35,4,3,7,6,4,2,8,5
6770,1985,Graduation,Married,21355.0,1,0,2013-08-20,5,5,13,14,0,5,31,2,2,1,2,6
8773,1971,Master,Together,57420.0,0,1,2013-06-25,22,280,0,18,0,0,24,3,5,1,6,7
10475,1970,Master,Together,,0,1,2013-04-01,39,187,5,65,26,20,14,2,4,2,6,5
10420,1955,Master,Divorced,46390.0,0,1,2014-05-05,56,95,14,64,2,9,38,1,4,2,3,7
7514,1956,2n Cycle,Together,54342.0,1,1,2013-07-03,74,84,10,34,11,10,28,4,3,1,4,6
2902,1958,Graduation,Together,,1,1,2012-09-03,87,19,4,12,2,2,6,1,1,0,3,5
4345,1964,2n Cycle,Single,,1,1,2014-01-12,49,5,1,9,2,0,4,1,1,0,2,7
793,1973,Graduation,Married,20895.0,1,0,2012-10-06,24,18,3,17,3,0,4,1,2,0,3,9
10909,1948,Graduation,Married,92344.0,0,0,2014-01-15,9,992,24,694,51,19,119,0,5,10,5,1
3769,1972,PhD,Together,,1,0,2014-03-02,17,25,1,13,0,0,3,1,1,0,3,7
8702,1976,2n Cycle,Together,26907.0,1,1,2013-08-20,10,9,1,7,0,3,2,2,1,0,3,7
4791,1980,Graduation,Together,44964.0,1,1,2012-12-16,35,19,1,17,2,0,2,1,1,0,3,8
2963,1979,Graduation,Together,75507.0,0,0,2014-05-02,56,709,93,374,104,80,80,1,8,6,6,3
8216,1972,Master,Married,53761.0,1,1,2013-10-11,7,158,0,76,13,7,71,6,4,4,3,5
8140,1973,Graduation,Together,22682.0,1,0,2013-10-03,51,10,14,29,4,2,36,3,2,1,4,4
10146,1972,PhD,Together,38887.0,1,0,2014-03-02,17,25,1,13,0,0,3,1,1,0,3,7
5289,1975,2n Cycle,Single,41658.0,1,1,2012-11-09,30,8,4,12,15,4,29,2,1,1,2,4
2587,1972,PhD,Married,29791.0,1,0,2014-05-15,21,14,0,6,0,0,0,2,2,0,3,5
4405,1956,Master,Married,63915.0,0,2,2013-07-30,2,622,7,115,30,0,15,2,6,3,12,5
8663,1974,Graduation,Divorced,39996.0,1,1,2014-05-22,85,11,0,3,0,0,1,1,1,0,2,6
2589,1972,Graduation,Divorced,26759.0,1,0,2014-02-07,65,25,3,16,8,5,2,2,2,1,3,6
3421,1968,Master,Divorced,63841.0,0,1,2013-04-21,64,635,15,100,20,7,131,1,9,3,9,6
10490,1969,PhD,Married,51039.0,1,1,2012-12-10,11,100,64,79,65,0,109,2,6,2,4,7
4094,1961,Graduation,Married,60544.0,1,1,2012-08-25,92,201,2,43,3,5,35,4,5,1,5,6
9958,1972,Graduation,Married,65685.0,0,1,2014-03-29,54,642,14,49,0,7,57,1,9,2,9,5
2534,1953,Graduation,Married,37716.0,0,1,2014-04-21,4,97,1,41,6,2,41,2,4,1,3,7
4188,1957,Graduation,Single,36864.0,0,1,2012-08-13,53,204,5,39,17,0,89,3,5,2,4,8
6613,1970,Master,Married,44511.0,1,0,2012-10-12,39,513,7,133,46,14,14,6,8,4,8,8
10827,1967,PhD,Married,36947.0,1,1,2012-08-07,49,88,3,21,4,1,29,4,3,0,4,9
5491,1951,Master,Together,47352.0,0,1,2013-04-11,70,172,12,112,8,0,15,4,6,1,5,7
8402,1953,Master,Married,67087.0,0,1,2013-12-17,40,329,35,222,130,35,43,2,7,5,8,4
8783,1950,Graduation,Married,57045.0,0,1,2012-09-08,40,296,13,104,11,13,17,3,4,2,9,3
10010,1953,PhD,Divorced,36957.0,1,1,2012-09-06,43,100,2,16,2,1,31,4,3,2,2,9
618,1977,PhD,Married,69389.0,0,1,2012-09-28,17,422,7,238,69,46,15,1,7,2,12,4
9121,1972,Graduation,Married,80134.0,1,0,2013-05-20,40,1218,16,272,104,0,80,2,5,3,6,6
361,1969,Master,Married,43142.0,1,1,2014-02-18,84,5,1,7,2,1,4,1,1,0,2,7
4310,1944,Graduation,Married,80589.0,0,0,2014-01-22,25,507,93,520,242,40,26,1,5,10,5,1
2678,1990,Graduation,Single,34412.0,1,0,2013-02-13,62,52,12,50,4,36,55,3,5,0,3,9
6376,1979,Graduation,Single,57537.0,1,0,2013-06-10,83,191,56,139,51,8,100,4,4,3,8,4
524,1966,Basic,Together,22634.0,0,0,2013-01-16,47,2,23,11,8,6,46,1,2,1,2,8
10341,1948,Graduation,Together,51315.0,0,0,2014-02-23,45,68,28,39,16,30,41,1,2,2,5,2
5654,1972,Graduation,Married,36026.0,2,1,2014-03-16,34,20,4,10,6,4,17,2,2,0,3,6
4098,1973,Graduation,Married,24639.0,1,1,2014-01-28,3,20,3,16,0,4,1,3,2,0,4,6
5824,1972,PhD,Together,34578.0,2,1,2014-04-11,1,7,0,1,0,0,0,1,1,0,2,6
7000,1972,2n Cycle,Single,65704.0,0,0,2013-10-13,18,279,172,74,38,8,246,1,2,10,10,1
2561,1966,Graduation,Single,63810.0,0,1,2012-11-11,45,977,12,253,16,12,101,4,4,3,12,8
5229,1969,PhD,Together,54132.0,0,1,2014-02-16,81,30,1,8,0,0,3,1,1,0,3,7
4086,1959,Graduation,Married,18690.0,0,0,2012-12-28,77,6,1,7,23,4,19,1,1,1,2,8
2428,1970,Graduation,Married,28164.0,1,0,2013-05-04,23,3,18,26,11,8,12,3,2,0,4,7
8254,1974,PhD,Married,34596.0,1,0,2013-04-13,48,14,0,2,0,0,7,1,1,0,2,8
2836,1972,PhD,Married,43269.0,1,0,2013-09-16,61,10,1,7,0,0,1,1,1,0,2,8
8418,1958,2n Cycle,Single,38741.0,1,1,2014-03-30,60,7,10,17,8,6,13,2,2,0,3,7
1362,1972,Graduation,Single,31907.0,0,0,2013-03-04,75,33,87,64,175,16,74,1,6,1,6,7
7152,1983,Master,Married,27100.0,1,0,2013-04-05,64,12,0,13,2,0,10,1,1,0,3,7
10033,1973,2n Cycle,Divorced,31163.0,1,0,2014-02-13,54,2,3,10,11,2,10,1,1,0,3,6
9349,1985,Graduation,Married,92533.0,0,0,2013-12-19,84,693,21,118,110,147,42,1,6,5,11,2
274,1973,Graduation,Single,34853.0,1,1,2013-12-23,75,9,3,15,2,3,2,2,2,0,3,6
3388,1967,Graduation,Divorced,70844.0,1,1,2013-10-30,16,129,26,67,3,67,2,5,6,1,5,7
922,1979,2n Cycle,Married,31086.0,1,1,2013-05-04,79,16,2,11,3,0,16,2,1,1,2,8
8588,1961,Graduation,Married,60544.0,1,1,2012-08-25,92,201,2,43,3,5,35,4,5,1,5,6
2518,1986,2n Cycle,Together,20491.0,0,0,2013-01-25,16,5,4,5,4,2,10,1,0,1,2,7
574,1964,Graduation,Married,42523.0,0,0,2014-04-23,96,14,36,11,3,26,35,1,1,1,4,2
3220,1983,Graduation,Married,39922.0,1,0,2013-02-14,30,29,12,59,19,1,36,2,3,0,4,8
5967,1952,Graduation,Together,33402.0,1,1,2013-07-18,60,26,2,19,10,5,8,3,2,1,3,8
1183,1949,Master,Married,36408.0,1,1,2013-09-21,11,9,1,4,3,2,3,1,1,0,2,6
6856,1979,Graduation,Together,21645.0,1,0,2012-09-03,75,14,0,23,4,5,19,3,3,0,3,9
4530,1948,Master,Widow,78427.0,0,0,2012-10-24,36,972,19,595,180,26,138,3,3,7,10,3
1553,1946,Graduation,Together,82657.0,0,0,2013-09-27,71,966,168,672,246,105,126,1,7,5,10,4
4682,1958,Graduation,Married,51876.0,0,0,2013-10-15,88,99,27,102,28,48,6,1,2,2,8,1
8204,1971,2n Cycle,Married,78041.0,0,0,2012-12-16,93,482,35,553,72,160,17,1,4,4,9,2
5221,1957,Graduation,Married,52852.0,0,1,2012-12-01,93,714,8,99,11,0,47,4,10,7,5,8
1232,1982,PhD,Together,70038.0,0,0,2013-10-25,54,587,54,348,71,54,130,1,4,4,8,2
1927,1973,2n Cycle,Together,69401.0,0,1,2014-03-23,41,399,27,159,58,8,39,4,4,4,5,2
5788,1972,Graduation,Together,46053.0,1,0,2013-02-17,46,56,10,92,19,7,25,3,3,2,4,5
6652,1965,Graduation,Married,77343.0,0,0,2014-06-09,28,227,151,573,98,54,31,1,3,4,9,1
6246,1953,Graduation,Single,73892.0,0,0,2013-11-13,40,703,102,601,0,58,43,1,3,11,8,1
5975,1967,PhD,Single,40304.0,1,0,2013-09-30,82,37,0,17,0,0,3,1,2,0,3,7
6875,1965,PhD,Together,32727.0,0,0,2012-08-28,38,167,13,180,86,13,70,2,7,3,5,8
4399,1969,Graduation,Together,68695.0,0,0,2014-06-25,3,458,81,356,106,50,40,1,4,4,7,2
4042,1971,Graduation,Divorced,43300.0,0,1,2012-10-13,87,91,3,52,2,1,31,3,4,0,4,8
2157,1972,Graduation,Together,26290.0,1,1,2013-01-12,49,15,8,16,11,5,22,4,2,0,4,6
10133,1970,Graduation,Single,93790.0,0,0,2014-02-12,16,1302,68,731,89,114,45,0,6,7,12,2
2525,1974,PhD,Married,38410.0,0,0,2012-09-14,65,153,64,123,116,64,14,2,5,2,9,6
8233,1950,Master,Widow,64866.0,0,1,2014-01-26,9,508,5,21,7,5,10,4,7,3,7,5
9483,1959,Graduation,Together,57957.0,0,1,2013-08-19,24,290,59,177,77,5,29,7,4,6,8,3
2945,1955,PhD,Together,46015.0,1,1,2014-04-13,25,38,0,2,0,0,6,1,1,0,3,7
10403,1978,Graduation,Together,16531.0,1,0,2014-06-18,43,2,13,6,7,5,11,3,3,0,3,7
5074,1986,Master,Married,28072.0,1,0,2013-07-08,10,30,0,10,2,0,5,1,1,0,3,7
10524,1963,Master,Divorced,49476.0,0,1,2013-06-20,29,386,23,95,54,41,196,4,2,11,5,2
4690,1953,Graduation,Married,50725.0,0,1,2013-02-13,45,443,10,75,0,10,48,4,8,1,8,8
7521,1952,Graduation,Together,83844.0,0,0,2013-05-12,57,901,31,345,75,31,191,1,4,4,11,1
7196,1950,PhD,Married,41145.0,1,1,2014-02-08,20,9,0,3,0,0,1,1,0,0,3,3
4406,1970,Graduation,Together,67419.0,0,1,2013-01-16,29,846,84,352,91,56,42,4,9,4,8,5
9672,1970,2n Cycle,Married,23162.0,1,1,2013-12-21,82,8,3,9,19,4,22,3,1,1,3,6
4864,1977,Graduation,Married,34380.0,1,0,2013-05-02,68,72,7,58,13,1,24,4,4,1,3,8
4706,1966,Graduation,Single,34704.0,0,1,2013-04-27,65,29,0,5,0,1,5,1,1,0,3,5
4070,1969,PhD,Married,94871.0,0,2,2012-09-01,99,169,24,553,188,0,144,1,8,5,4,7
25,1958,Graduation,Married,65148.0,0,1,2012-11-16,9,460,35,422,33,12,153,2,6,6,7,4
3697,1954,Graduation,Together,39898.0,0,1,2013-02-12,20,69,8,26,12,7,12,2,3,0,4,7
217,1956,Master,Single,64857.0,0,0,2012-11-23,78,556,14,717,210,0,43,1,7,5,10,4
4220,1970,PhD,Married,59892.0,0,1,2013-11-02,26,73,0,13,0,1,0,1,2,1,3,3
5286,1987,Master,Single,41020.0,0,0,2013-10-28,68,112,1,54,7,7,36,1,3,2,4,3
9559,1961,PhD,Married,57072.0,0,1,2014-01-24,79,944,0,60,0,0,30,2,7,5,13,5
2849,1979,Graduation,Single,60474.0,0,1,2013-04-01,25,265,199,303,234,9,170,7,10,2,12,7
7787,1960,Graduation,Together,62807.0,0,1,2012-08-31,83,526,28,135,10,21,99,3,5,3,12,5
3102,1981,2n Cycle,Together,19414.0,1,0,2013-10-16,32,2,3,12,3,5,7,1,1,0,3,8
5868,1980,Graduation,Married,19107.0,1,0,2013-08-22,49,2,4,9,10,5,16,2,1,0,3,7
8370,1976,2n Cycle,Together,75484.0,0,1,2012-08-02,50,378,97,259,197,194,34,2,7,3,6,4
9988,1976,Master,Single,70379.0,0,1,2013-03-03,84,553,25,142,65,67,8,3,6,3,13,4
2939,1970,Master,Together,79419.0,0,0,2014-06-22,96,751,127,687,20,15,31,1,4,6,4,2
5529,1946,PhD,Together,64014.0,2,1,2014-06-10,56,406,0,30,0,0,8,7,8,2,5,7
9743,1955,Graduation,Married,76998.0,0,1,2013-01-11,85,1449,89,161,69,35,107,2,11,8,8,6
5763,1972,Master,Together,49854.0,1,0,2013-11-10,63,123,17,171,39,0,30,5,6,2,5,6
3478,1971,PhD,Married,60585.0,1,1,2013-06-24,17,267,42,309,55,42,21,10,7,4,9,5
7494,1950,PhD,Divorced,42873.0,1,1,2013-01-21,11,209,0,40,3,2,15,4,6,1,4,8
1763,1988,Graduation,Together,87679.0,0,0,2013-07-27,62,1259,172,815,97,148,33,1,7,11,10,4
7250,1978,Graduation,Together,57867.0,1,0,2013-10-01,48,344,35,178,15,23,17,7,7,2,9,6
2005,1990,Graduation,Married,35765.0,1,0,2013-12-11,86,22,3,30,0,5,15,2,2,0,4,6
10770,1959,Graduation,Married,65492.0,0,0,2014-01-26,73,247,161,295,210,85,47,2,4,7,13,2
6885,1977,Graduation,Divorced,32952.0,1,0,2013-12-01,36,38,0,12,3,1,1,1,2,0,3,7
2072,1969,PhD,Together,53374.0,0,1,2012-08-16,34,896,10,101,13,10,34,6,4,2,9,9
9463,1959,Graduation,Together,71706.0,0,1,2012-11-13,16,931,56,253,91,98,14,4,9,5,7,5
6318,1988,Graduation,Married,68487.0,0,0,2013-01-13,48,758,12,385,33,89,89,1,9,7,13,4
4093,1975,Master,Together,53253.0,1,1,2013-02-11,61,216,9,57,20,9,125,7,4,3,5,5
5751,1973,2n Cycle,Divorced,31163.0,1,0,2014-02-13,54,2,3,10,11,2,10,1,1,0,3,6
3340,1977,Graduation,Married,42014.0,1,0,2012-08-17,56,244,15,108,4,15,50,6,7,1,6,8
3594,1973,Master,Married,54108.0,1,1,2012-11-05,74,539,6,91,8,6,97,13,8,2,9,8
3584,1955,PhD,Single,49667.0,0,0,2012-08-20,35,1181,26,120,17,13,39,2,5,10,5,8
3643,1974,Master,Married,63206.0,0,0,2014-03-20,65,750,8,125,11,8,26,1,4,3,6,2
851,1972,Master,Married,57136.0,1,1,2013-07-09,48,306,5,109,21,109,92,9,5,2,10,6
7706,1975,2n Cycle,Together,46772.0,0,1,2012-11-07,88,350,104,189,197,151,57,6,11,8,5,8
3967,1971,PhD,Married,78931.0,0,0,2013-10-25,19,331,197,170,58,152,35,1,2,8,13,1
10128,1958,Graduation,Together,53977.0,0,1,2013-06-08,21,620,16,165,0,24,82,5,5,5,12,5
486,1988,Graduation,Married,84219.0,0,0,2014-02-02,27,434,137,400,45,137,45,1,3,4,10,1
9,1975,Master,Single,46098.0,1,1,2012-08-18,86,57,0,27,0,0,36,4,3,2,2,8
9451,1965,Graduation,Married,73538.0,0,1,2012-11-25,92,811,76,428,99,137,107,3,10,4,9,7
9264,1986,Graduation,Married,79529.0,0,0,2014-04-27,1,423,42,706,73,197,197,1,4,8,9,2
3865,1977,2n Cycle,Together,20981.0,0,0,2013-04-30,14,2,12,10,6,13,30,1,3,1,2,8
2853,1980,Graduation,Single,51766.0,1,0,2014-03-11,74,60,51,87,6,20,51,2,4,2,4,5
1490,1962,Graduation,Married,55759.0,0,1,2012-11-28,84,675,0,85,10,7,77,5,10,3,8,8
6310,1978,Graduation,Married,33039.0,1,0,2013-09-09,4,30,8,12,8,8,12,1,2,0,4,5
10380,1972,Master,Married,37787.0,1,0,2013-09-20,50,40,1,40,4,3,18,1,3,0,3,8
3887,1970,Graduation,Single,27242.0,1,0,2012-11-11,2,3,17,26,20,1,39,2,2,0,3,9
4278,1983,PhD,Single,87188.0,0,0,2013-06-03,73,910,111,724,49,74,55,1,10,2,6,3
8643,1971,Graduation,Together,69930.0,0,0,2013-05-26,21,252,98,827,219,70,196,1,4,5,12,3
1998,1976,Graduation,Single,37697.0,1,0,2014-02-07,82,34,6,21,11,4,8,1,2,1,3,6
10795,1973,PhD,Married,37401.0,1,0,2014-05-06,14,19,3,19,3,1,3,2,2,0,3,7
11110,1973,Graduation,Single,3502.0,1,0,2013-04-13,56,2,1,1,0,0,1,0,0,0,0,14
2408,1976,Graduation,Married,58597.0,1,1,2012-11-20,20,490,0,184,10,28,21,12,7,4,9,7
202,1948,PhD,Widow,82032.0,0,0,2014-04-05,54,332,194,377,149,125,57,0,4,6,7,1
7998,1958,Graduation,Together,28087.0,1,1,2012-12-11,77,53,8,17,13,0,21,3,2,2,2,7
830,1987,PhD,Single,74004.0,0,0,2014-02-24,5,784,48,560,42,176,48,1,4,6,4,3
3536,1960,Graduation,Together,19740.0,0,1,2013-03-24,65,7,11,3,10,4,20,2,1,1,3,5
6050,1975,2n Cycle,Married,57036.0,0,1,2012-12-11,33,1171,43,219,19,14,47,4,6,3,13,9
125,1958,2n Cycle,Together,53083.0,1,1,2013-05-15,65,215,7,33,3,0,13,6,5,1,5,7
3463,1975,PhD,Married,69283.0,0,1,2014-06-14,41,674,62,134,0,26,8,4,7,3,13,5
2804,1975,Master,Single,46098.0,1,1,2012-08-18,86,57,0,27,0,0,36,4,3,2,2,8
3745,1988,2n Cycle,Married,23331.0,1,0,2012-09-04,92,5,36,7,0,10,45,2,3,0,3,8
9771,1988,2n Cycle,Single,23331.0,1,0,2012-10-05,97,104,20,101,24,15,5,6,5,1,5,9
451,1989,Graduation,Single,9255.0,1,0,2013-12-20,91,9,0,7,2,0,4,1,1,1,2,8
10530,1959,PhD,Widow,67786.0,0,0,2013-12-07,0,431,82,441,80,20,102,1,3,6,6,1
1079,1971,PhD,Married,71969.0,0,1,2012-10-16,59,1000,0,76,0,0,10,3,3,4,9,8
8920,1967,Master,Single,59235.0,1,0,2013-01-12,4,448,40,469,80,0,91,3,11,2,12,7
6678,1989,Graduation,Together,31928.0,1,0,2014-03-28,5,33,4,24,4,2,5,2,3,0,4,7
3852,1961,Master,Together,74881.0,1,1,2013-03-08,48,505,72,270,36,27,54,4,9,2,12,5
528,1978,Graduation,Married,65819.0,0,0,2012-11-29,99,267,38,701,149,165,63,1,5,4,10,3
73,1953,PhD,Single,51411.0,1,2,2013-05-26,81,14,0,3,0,0,1,1,0,0,3,5
5589,1964,Graduation,Divorced,51983.0,0,1,2012-08-31,95,631,0,115,10,7,30,3,9,2,10,7
10212,1986,Master,Together,42386.0,1,0,2013-01-13,43,65,4,16,0,4,11,1,3,0,3,8
6365,1987,2n Cycle,Married,30390.0,0,0,2013-09-02,5,10,12,12,25,1,20,1,2,0,3,6
5636,1963,Graduation,Single,30983.0,0,0,2012-11-09,50,51,4,50,12,1,49,1,4,0,3,8
591,1957,Graduation,Widow,66033.0,0,1,2013-01-20,76,293,35,179,46,59,65,2,8,3,7,7
2217,1975,2n Cycle,Married,37284.0,1,1,2013-03-29,46,11,1,2,2,1,6,1,0,0,3,6
2544,1951,Master,Divorced,57530.0,0,1,2013-10-12,68,50,1,27,6,7,1,1,1,1,4,1
7725,1965,2n Cycle,Married,76800.0,0,0,2014-03-08,33,173,26,255,35,71,81,1,4,4,7,1
8091,1956,Graduation,Married,63943.0,0,1,2012-09-02,50,423,184,368,13,97,21,1,6,4,6,5
7321,1962,Graduation,Together,76081.0,0,0,2014-05-23,85,292,30,415,63,33,200,1,4,5,4,2
5462,1974,Graduation,Married,67445.0,0,1,2012-08-12,63,757,80,217,29,80,11,5,9,6,12,6
7791,1967,Master,Married,37054.0,1,1,2013-09-15,89,12,1,6,0,1,5,2,1,0,3,7
955,1962,Master,Together,47175.0,1,1,2012-10-28,81,167,2,44,6,2,19,7,4,2,4,8
4037,1976,Graduation,Divorced,31859.0,1,0,2013-06-14,77,3,1,3,8,0,5,1,1,0,2,7
6642,1961,Graduation,Divorced,27215.0,2,1,2013-01-23,50,30,5,22,8,9,28,4,2,1,4,6
2793,1976,PhD,Divorced,70179.0,0,1,2013-07-21,10,532,88,168,69,44,133,3,7,3,13,5
5424,1983,Graduation,Married,39922.0,1,0,2013-02-14,30,29,12,59,19,1,36,2,3,0,4,8
879,1976,Master,Married,49681.0,0,2,2013-11-04,66,411,0,26,0,0,21,6,7,1,7,7
9530,1988,Graduation,Married,24645.0,1,0,2012-11-01,16,5,3,4,4,1,0,1,1,0,2,8
4828,1954,Graduation,Divorced,79865.0,0,1,2014-06-18,12,71,99,278,185,121,38,1,5,10,5,1
10699,1985,Graduation,Married,44322.0,1,0,2014-06-16,30,46,0,40,3,0,3,2,3,0,3,8
1497,1952,Graduation,Single,47958.0,0,1,2013-01-19,8,268,11,88,15,3,22,2,6,3,5,5
7476,1964,Master,Single,63972.0,0,1,2012-12-02,93,928,63,254,0,12,12,4,5,4,10,4
4390,1954,Graduation,Together,75315.0,0,1,2014-04-15,14,459,15,171,142,23,31,2,5,4,12,2
10478,1950,PhD,Married,55517.0,1,1,2012-09-27,53,483,0,108,0,6,36,5,11,1,6,9
1081,1957,PhD,Married,75283.0,1,2,2013-03-27,26,733,9,180,12,19,66,11,6,3,5,4
4261,1946,PhD,Single,82800.0,0,0,2012-11-24,23,1006,22,115,59,68,45,1,7,6,12,3
9916,1954,Graduation,Married,38998.0,1,1,2012-11-03,92,34,1,14,0,0,5,3,2,0,3,8
5350,1991,Master,Single,90638.0,0,0,2014-02-13,29,1156,120,915,94,144,96,1,3,4,10,1
8135,1986,Master,Married,27161.0,1,0,2013-10-28,41,7,4,23,7,0,11,1,1,0,3,7
8685,1977,Graduation,Married,42014.0,1,0,2012-08-17,56,244,15,108,4,15,50,6,7,1,6,8
4967,1960,PhD,Together,38201.0,0,1,2013-03-29,19,233,0,23,0,0,12,4,5,1,5,8
2130,1982,Graduation,Together,45203.0,2,0,2014-03-23,4,35,3,67,10,8,24,1,3,1,3,6
9298,1947,PhD,Together,81574.0,0,0,2014-04-28,89,1252,0,465,46,35,0,1,4,5,8,1
8175,1992,Graduation,Married,34935.0,0,0,2013-06-21,71,34,4,66,3,10,20,1,2,1,4,7
6257,1976,Master,Single,60482.0,0,1,2013-01-23,81,255,43,134,37,14,24,1,7,2,7,7
3790,1956,Graduation,Together,34633.0,2,1,2014-01-23,31,8,1,5,0,0,1,1,1,0,2,6
9952,1947,Master,Together,78093.0,0,0,2013-12-11,53,368,32,639,13,43,10,1,4,7,5,1
3503,1950,Graduation,Divorced,82460.0,0,0,2013-12-02,78,255,47,573,52,32,15,1,5,3,6,1
5223,1966,Master,Together,45903.0,0,1,2014-04-23,80,33,8,10,2,10,3,2,2,1,3,4
4608,1987,Graduation,Divorced,81361.0,0,0,2014-02-25,18,163,23,424,27,65,76,1,3,10,13,1
1626,1973,PhD,Divorced,35860.0,1,1,2014-05-19,37,15,0,8,4,2,20,2,1,1,2,5
4764,1952,Master,Together,40442.0,1,1,2012-08-19,52,45,12,52,25,22,13,4,3,1,4,7
2471,1965,Graduation,Married,61482.0,0,0,2014-06-27,39,48,58,68,16,66,43,1,3,2,6,2
5892,1980,Graduation,Married,34968.0,1,0,2013-04-10,11,158,6,45,8,2,2,7,3,2,5,7
2612,1987,Graduation,Married,75794.0,0,0,2013-12-24,33,754,160,625,63,32,48,1,7,5,12,3
4971,1962,PhD,Together,31497.0,0,1,2012-12-06,22,108,1,28,13,1,4,2,3,1,4,8
5185,1955,Graduation,Married,74268.0,0,0,2013-02-14,83,199,66,315,97,174,41,1,4,3,5,2
10069,1988,Basic,Together,13724.0,1,0,2012-08-31,43,2,7,5,2,15,27,1,2,0,2,9
2262,1965,Master,Together,45143.0,0,1,2013-08-26,74,202,5,74,11,5,14,3,6,1,5,7
1131,1967,PhD,Single,52569.0,0,1,2014-04-05,54,85,0,3,0,0,7,1,2,0,4,3
1041,1973,PhD,Single,48432.0,0,1,2012-10-18,3,322,3,50,4,3,42,5,7,1,6,8
24,1960,Master,Together,17144.0,1,1,2014-02-15,96,18,2,19,0,2,6,5,3,0,4,7
3409,1984,Graduation,Single,36108.0,1,0,2013-10-15,68,141,8,129,3,11,47,3,7,1,4,9
7022,1971,Graduation,Married,76445.0,1,0,2012-09-28,2,739,107,309,140,80,35,1,2,5,13,6
7943,1975,PhD,Married,36663.0,1,0,2014-04-25,40,18,0,6,3,3,5,1,1,1,3,2
5272,1965,Master,Married,53843.0,0,1,2013-06-27,64,378,0,88,19,4,73,4,8,5,3,7
5453,1956,Master,Married,90226.0,0,0,2012-09-26,26,1083,108,649,253,151,108,1,4,7,12,2
2565,1955,Master,Divorced,70638.0,0,0,2013-06-01,69,1016,12,215,16,12,63,1,4,5,10,3
800,1960,Graduation,Together,44512.0,1,1,2013-08-30,57,23,1,6,0,0,2,2,1,0,3,4
11092,1961,Graduation,Married,27116.0,1,1,2014-03-02,78,12,1,21,2,2,3,2,2,0,3,7
5062,1963,PhD,Married,54072.0,1,1,2013-07-27,71,35,0,4,0,0,0,1,2,0,2,8
8969,1977,Graduation,Married,71855.0,0,1,2013-01-16,59,548,31,422,0,112,28,4,5,5,11,3
4656,1990,2n Cycle,Single,51250.0,1,0,2013-03-30,28,342,32,230,34,32,40,5,10,5,4,9
4480,1973,Master,Married,60432.0,0,1,2014-03-09,61,365,3,15,4,3,11,5,7,2,5,6
9971,1964,PhD,Married,65526.0,0,1,2014-04-11,22,397,19,69,12,0,9,1,4,4,8,2
6729,1988,Graduation,Single,68655.0,0,0,2012-08-10,95,456,19,832,75,118,38,1,4,5,11,3
1773,1978,2n Cycle,Married,12393.0,0,0,2012-12-04,38,5,6,15,11,7,13,1,2,0,3,9
9242,1990,Graduation,Single,64509.0,0,0,2013-08-17,19,836,185,575,24,25,77,1,6,3,9,4
1764,1975,Graduation,Single,33955.0,1,0,2013-08-09,92,100,2,128,23,7,10,4,5,1,5,8
6215,1977,Graduation,Married,31353.0,1,1,2013-12-29,24,10,0,10,3,1,7,2,1,1,2,8
10099,1984,Graduation,Married,55434.0,1,0,2013-10-05,21,238,115,215,169,69,76,3,5,3,13,4
5423,1983,Graduation,Together,28359.0,1,0,2013-10-27,35,6,0,5,2,1,2,1,1,0,2,7
940,1987,Graduation,Single,57100.0,1,0,2014-05-18,9,158,11,99,15,11,17,2,3,2,7,3
3011,1965,Graduation,Married,69139.0,0,1,2014-01-27,23,86,12,75,33,15,6,1,4,1,5,4
3298,1956,Master,Married,52973.0,0,1,2012-11-08,92,856,0,76,12,9,199,7,9,6,9,8
8286,1965,PhD,Together,51717.0,0,1,2013-08-20,55,98,1,17,0,1,5,1,3,0,4,7
9668,1971,Graduation,Married,18793.0,1,0,2013-01-12,14,4,16,20,0,17,20,3,2,0,4,8
5120,1982,2n Cycle,Together,66664.0,0,0,2012-09-25,78,398,96,447,220,96,32,1,5,7,6,3
6097,1959,Graduation,Single,50664.0,1,1,2013-01-16,64,313,8,104,6,4,126,9,8,1,6,9
7019,1963,Graduation,Together,54414.0,1,1,2013-01-23,49,109,18,16,24,26,18,4,3,1,5,4
7408,1952,PhD,Married,54549.0,0,1,2014-03-03,8,216,2,6,0,0,9,2,5,1,4,7
8041,1971,PhD,Widow,47111.0,0,1,2012-09-08,35,595,71,153,120,112,41,6,3,2,10,9
252,1963,PhD,Divorced,41003.0,0,0,2013-03-17,11,123,133,142,71,44,88,1,6,2,8,6
9986,1982,Graduation,Together,19444.0,1,0,2014-02-22,8,16,0,23,3,2,10,3,4,1,2,7
3276,1976,2n Cycle,Together,36301.0,1,0,2013-10-25,53,11,12,35,3,5,12,1,3,0,3,7
3859,1947,PhD,Together,73059.0,0,1,2013-08-31,36,410,112,420,0,82,71,1,9,3,13,4
3570,1969,PhD,Together,42731.0,1,0,2013-10-21,64,159,2,51,6,2,24,3,4,1,5,5
3783,1959,PhD,Married,52854.0,1,1,2014-03-24,43,105,0,10,0,1,0,2,2,1,4,5
10207,1978,Graduation,Together,22775.0,1,0,2013-06-19,40,5,1,8,0,0,1,1,1,0,2,8
10906,1948,PhD,Together,46681.0,0,2,2013-10-08,52,269,15,69,15,19,38,2,4,6,4,5
3427,1955,PhD,Married,59821.0,0,1,2013-04-12,11,629,0,70,0,0,35,6,11,2,7,8
5209,1954,Graduation,Divorced,50002.0,0,1,2013-06-17,21,443,5,71,21,16,82,2,8,2,7,7
10711,1945,Graduation,Married,69755.0,0,0,2013-10-02,23,217,77,373,111,23,93,1,3,6,12,1
10785,1969,Graduation,Married,44078.0,1,1,2014-06-19,17,24,1,10,2,0,4,2,2,0,3,5
2814,1976,Master,Together,30560.0,1,0,2013-06-27,6,9,1,5,4,5,7,1,1,0,3,7
6866,1969,Master,Together,35924.0,1,1,2014-03-23,56,8,0,14,2,3,7,1,1,0,3,5
1665,1964,PhD,Divorced,64140.0,0,2,2013-09-23,71,1459,0,61,0,15,215,5,2,5,6,5
6575,1981,Graduation,Together,56386.0,1,1,2012-10-27,51,230,48,214,13,32,75,8,9,1,7,9
3829,1979,Basic,Together,24594.0,1,0,2013-12-10,94,1,3,6,10,0,9,1,1,0,3,5
3091,1981,2n Cycle,Together,75774.0,1,0,2014-05-02,27,340,21,134,258,14,56,1,7,5,8,4
10141,1960,Master,Divorced,39228.0,0,0,2013-05-10,1,7,1,6,0,3,3,1,0,0,3,4
5177,1974,Master,Married,58494.0,0,1,2013-12-12,56,298,7,68,4,0,19,2,6,2,6,6
7005,1981,Graduation,Single,58684.0,0,0,2014-06-16,71,479,35,179,28,7,85,1,5,3,12,2
6409,1967,Graduation,Divorced,57136.0,0,0,2013-05-18,18,267,140,599,34,12,127,1,7,5,7,6
7485,1950,PhD,Widow,56551.0,1,1,2014-05-07,48,67,4,32,17,2,16,3,2,1,4,4
8079,1982,Graduation,Married,22448.0,1,0,2014-02-26,86,3,1,8,23,2,18,3,2,1,3,3
8395,1961,Graduation,Single,82014.0,0,0,2012-08-20,48,980,37,265,35,163,31,1,3,6,12,6
10352,1963,Graduation,Widow,34213.0,1,1,2012-09-07,2,50,4,28,6,3,26,3,3,1,2,9
4931,1977,Graduation,Together,157146.0,0,0,2013-04-29,13,1,0,1725,2,1,1,0,0,28,0,1
13,1947,PhD,Widow,25358.0,0,1,2013-07-22,57,19,0,5,0,0,8,2,1,0,3,6
1834,1978,Master,Single,35544.0,1,0,2014-03-08,77,30,5,23,4,1,4,1,2,0,3,7
2285,1954,Master,Together,36634.0,0,1,2013-05-28,0,213,9,76,4,3,30,3,5,2,5,7
2295,1954,PhD,Married,62670.0,0,1,2014-02-02,57,539,30,92,80,46,38,1,5,3,13,3
1378,1972,2n Cycle,Together,50334.0,0,1,2013-07-24,24,284,16,160,84,16,134,6,7,4,6,6
2781,1981,Graduation,Single,72066.0,0,0,2014-06-23,55,1003,34,536,134,51,34,1,4,6,6,2
1165,1958,PhD,Single,50729.0,1,1,2013-05-02,62,239,13,143,45,4,52,9,6,2,7,6
1404,1968,Graduation,Together,34916.0,2,0,2013-05-15,89,51,23,82,33,0,42,4,5,1,3,9
6457,1976,Graduation,Divorced,64892.0,0,1,2014-05-29,77,527,24,230,32,24,65,2,6,4,12,4
2639,1966,Graduation,Single,43602.0,1,1,2014-01-10,45,19,5,12,10,3,19,3,3,1,2,6
8299,1989,PhD,Single,33996.0,0,0,2013-09-11,46,40,2,15,8,0,6,1,1,1,3,4
6437,1985,2n Cycle,Single,41473.0,1,0,2013-06-19,80,21,8,20,15,3,9,1,2,0,3,7
6912,1967,PhD,Married,63246.0,0,2,2013-08-20,60,593,30,91,29,22,7,1,6,3,12,4
7327,1959,PhD,Married,36732.0,1,1,2013-12-29,71,21,5,3,10,1,7,3,1,1,4,2
5299,1970,PhD,Married,69084.0,1,0,2013-11-19,43,1181,107,199,39,30,30,2,7,3,13,8
4127,1967,PhD,Married,77766.0,0,1,2013-02-22,97,1004,59,265,115,59,27,2,11,10,11,6
8143,1985,PhD,Single,37929.0,0,0,2013-07-30,49,202,2,46,3,2,10,2,4,2,5,7
1964,1951,Graduation,Together,86610.0,0,0,2013-09-05,66,446,107,768,33,196,53,1,5,6,6,2
3690,1986,Master,Married,80141.0,0,0,2013-01-11,20,1184,102,673,52,40,40,1,7,4,10,6
3433,1955,2n Cycle,Married,72635.0,0,0,2013-06-03,54,390,22,323,104,35,107,1,6,8,6,3
3389,1970,Graduation,Married,69016.0,0,1,2012-11-22,61,726,53,363,123,107,161,4,8,9,13,5
4712,1991,2n Cycle,Together,20193.0,0,0,2012-11-28,18,8,8,22,24,11,9,1,1,1,4,4
1170,1975,Graduation,Married,27573.0,1,0,2013-03-25,45,50,15,110,39,15,15,4,5,1,4,8
6347,1979,Basic,Single,15862.0,1,0,2013-06-27,26,1,1,4,11,9,10,1,1,0,3,8
4065,1976,PhD,Married,49544.0,1,0,2013-02-12,0,308,0,73,0,0,23,2,5,1,8,7
8230,1980,Graduation,Married,33228.0,1,0,2014-01-23,28,22,2,31,7,4,5,1,2,0,3,7
1215,1978,Graduation,Together,70440.0,0,0,2013-10-08,49,690,117,499,76,102,88,1,5,10,7,3
5939,1971,Graduation,Together,38232.0,1,1,2014-01-17,84,43,5,28,7,6,33,4,3,1,3,5
2156,1955,PhD,Married,22554.0,1,1,2012-11-03,38,27,0,10,0,0,4,4,2,0,4,5
7788,1983,PhD,Married,23536.0,1,0,2014-06-04,53,6,0,3,0,0,1,1,0,0,3,3
10323,1952,Graduation,Married,49413.0,0,1,2013-10-25,88,205,7,41,3,2,46,2,4,2,5,5
7947,1969,Graduation,Married,42231.0,1,1,2014-03-25,99,24,0,8,0,1,4,1,1,0,3,5
1891,1980,Master,Divorced,78789.0,0,0,2012-08-08,12,667,50,850,21,83,83,1,4,6,5,2
2570,1968,Graduation,Together,56534.0,0,1,2013-07-23,35,691,7,61,10,0,46,4,10,4,7,8
9256,1971,Graduation,Single,58350.0,0,1,2013-01-04,5,493,26,206,116,80,80,4,8,3,12,6
295,1989,Graduation,Single,81217.0,0,0,2013-07-19,77,493,70,324,146,40,84,1,3,7,11,1
7397,1951,Graduation,Single,49090.0,0,1,2013-07-19,45,494,5,82,7,0,100,3,7,2,9,7
6349,1987,Master,Divorced,61787.0,0,0,2013-07-06,71,621,73,414,78,48,85,1,8,4,6,5
10790,1985,PhD,Married,18169.0,1,0,2013-02-19,40,9,0,5,0,0,7,1,1,0,2,8
10398,1981,2n Cycle,Single,24336.0,1,0,2012-08-27,82,1,6,2,8,2,12,1,1,0,2,7
2431,1990,Graduation,Married,18222.0,0,0,2012-12-31,70,12,4,19,12,6,14,1,2,0,3,8
550,1952,Graduation,Divorced,62335.0,0,1,2013-05-23,87,243,131,217,85,6,26,2,3,3,13,2
1890,1971,2n Cycle,Together,42033.0,1,1,2012-09-19,95,11,1,4,2,0,7,1,1,0,2,7
10742,1983,PhD,Married,86580.0,0,0,2013-02-27,72,532,21,127,26,20,20,0,4,2,5,1
10356,1957,PhD,Divorced,41437.0,1,1,2012-09-22,5,29,0,2,0,0,1,1,1,0,3,7
4676,1951,Master,Widow,73705.0,0,2,2014-03-05,86,612,91,520,258,107,107,2,9,6,8,5
8852,1976,Graduation,Married,61064.0,0,1,2012-08-31,80,387,126,342,0,45,180,5,8,4,11,6
3565,1955,Master,Married,38452.0,1,1,2014-03-30,62,56,0,14,0,0,2,3,3,0,3,7
5294,1989,Graduation,Single,18358.0,1,0,2013-11-20,49,6,8,19,16,4,4,3,3,0,4,7
1958,1973,PhD,Together,55012.0,0,1,2014-03-21,85,582,0,65,0,0,13,6,8,2,9,5
7349,1973,Basic,Together,9722.0,1,0,2012-10-02,7,6,17,16,6,16,42,4,3,1,3,8
8799,1984,PhD,Married,38175.0,1,0,2013-09-23,6,70,6,69,2,3,3,3,3,1,4,7
1351,1956,Master,Together,58656.0,0,1,2012-09-20,25,962,12,194,16,24,12,4,7,8,13,6
1045,1965,Graduation,Together,52117.0,0,1,2012-08-16,55,112,10,107,30,0,20,2,5,2,4,7
7732,1978,Graduation,Married,64813.0,1,0,2014-01-02,81,293,0,124,179,97,52,1,7,2,10,5
8070,1973,PhD,Married,54222.0,0,1,2014-03-01,98,199,12,31,3,12,7,1,3,3,5,3
477,1986,Graduation,Married,83512.0,0,0,2014-06-17,31,1060,61,835,80,20,101,1,4,7,10,1
7832,1959,Master,Married,77520.0,0,1,2013-08-28,30,940,44,396,0,88,58,1,8,7,7,4
2202,1978,Graduation,Together,41154.0,0,1,2013-04-09,98,44,2,11,2,3,7,1,1,0,4,5
7396,1966,Graduation,Married,80398.0,0,0,2012-11-10,92,342,51,936,207,35,26,1,5,8,12,3
4055,1992,Basic,Single,18746.0,1,0,2014-05-29,41,2,10,11,12,9,20,2,3,0,3,6
10340,1984,Graduation,Together,35196.0,1,0,2012-11-13,68,75,12,141,43,39,187,6,6,1,5,8
10091,1956,Graduation,Single,60230.0,0,1,2013-05-20,78,520,20,367,39,81,40,2,6,3,6,5
7629,1977,Graduation,Married,22108.0,1,1,2014-05-08,46,5,3,9,6,2,6,2,2,0,3,7
10640,1974,Graduation,Together,44392.0,1,1,2013-09-05,71,87,5,71,7,12,29,5,4,1,4,7
3498,1976,PhD,Married,55424.0,0,1,2012-11-25,6,462,61,184,10,53,107,4,7,5,9,6
6742,1979,Graduation,Married,17688.0,1,0,2013-01-13,82,2,2,1,3,1,2,1,1,0,2,8
1172,1983,PhD,Married,92491.0,0,0,2013-05-01,71,979,44,935,29,25,22,1,7,5,12,3
569,1991,Graduation,Single,90273.0,0,0,2013-12-14,32,704,129,853,120,74,111,1,5,6,7,2
4686,1962,PhD,Widow,82571.0,0,0,2014-04-02,28,861,31,558,62,95,79,0,6,5,13,2
1381,1982,PhD,Single,38513.0,1,0,2014-01-28,20,172,3,115,16,0,18,5,6,1,5,8
2634,1979,Master,Single,16653.0,1,0,2014-04-18,10,5,7,31,15,4,7,3,2,1,3,6
10905,1955,Graduation,Together,42586.0,1,1,2012-10-29,7,194,2,56,0,0,0,5,4,1,6,8
1744,1965,Basic,Single,23529.0,0,1,2013-01-07,67,9,7,13,3,2,20,1,1,1,2,6
1000,1961,Master,Together,74881.0,1,1,2013-03-08,48,505,72,270,36,27,54,4,9,2,12,5
3828,1951,Graduation,Married,71107.0,0,1,2013-02-17,61,533,10,217,198,174,195,2,7,6,13,4
8605,1964,PhD,Together,46910.0,1,1,2014-03-23,36,48,0,14,0,0,6,2,2,0,3,6
10304,1959,Graduation,Married,18690.0,0,0,2012-12-28,77,6,1,7,23,4,19,1,1,1,2,8
4351,1955,Graduation,Divorced,37244.0,1,1,2013-04-27,90,18,2,10,0,0,25,1,1,1,2,7
10129,1966,Graduation,Together,82427.0,0,0,2014-03-12,35,482,147,509,104,107,107,1,3,5,12,1
2499,1958,2n Cycle,Single,75342.0,0,1,2013-05-06,38,204,97,97,21,118,26,1,5,2,10,4
10092,1954,Graduation,Divorced,70044.0,0,1,2013-02-18,46,1073,0,250,153,14,14,4,7,10,5,5
7500,1967,Graduation,Single,79146.0,1,1,2014-04-24,33,245,16,223,21,43,16,2,8,1,8,6
5796,1963,Graduation,Married,77437.0,0,0,2013-11-26,70,560,21,442,29,44,29,1,4,5,13,1
10556,1959,Graduation,Married,54984.0,0,1,2014-05-24,51,173,13,131,32,3,6,4,6,1,6,7
1064,1971,PhD,Married,42403.0,1,0,2013-12-11,18,22,1,11,0,5,3,1,1,0,3,8
48,1964,Graduation,Together,55761.0,0,1,2014-04-24,97,136,1,12,0,3,32,2,4,1,3,6
7610,1983,Graduation,Together,37292.0,1,0,2013-04-18,32,275,0,86,10,23,66,5,6,3,5,8
263,1945,PhD,Single,45576.0,0,0,2014-05-28,9,56,19,29,2,14,25,1,3,1,3,8
10814,1947,Graduation,Together,70321.0,0,0,2013-01-16,6,303,23,751,82,26,191,1,6,5,13,4
9710,1969,PhD,Divorced,58086.0,0,1,2013-01-20,80,708,7,62,0,0,15,2,11,3,7,8
9292,1952,Graduation,Married,81795.0,0,0,2012-10-26,74,324,132,693,27,118,88,1,4,11,7,2
10250,1947,Basic,Together,28389.0,0,0,2012-11-20,49,1,5,3,7,4,8,1,1,0,2,7
7881,1946,Master,Married,66835.0,0,0,2013-09-28,21,620,26,195,34,17,141,1,6,4,13,2
5847,1969,Graduation,Divorced,69901.0,0,1,2013-05-29,95,312,21,206,102,92,149,3,7,3,10,5
737,1949,PhD,Married,80360.0,0,0,2013-03-03,56,1493,86,454,112,43,43,2,4,4,5,2
3571,1961,PhD,Together,63342.0,0,1,2012-10-16,48,918,21,118,13,10,21,3,8,3,5,6
7807,1974,Graduation,Married,44989.0,0,1,2012-09-12,26,98,0,106,49,10,106,5,5,1,5,6
3878,1980,2n Cycle,Single,31859.0,1,0,2014-02-27,3,3,4,7,15,8,11,1,1,0,3,7
5092,1949,PhD,Widow,51569.0,0,1,2013-02-12,39,380,0,47,6,0,34,4,7,1,7,8
2154,1971,Graduation,Widow,30372.0,1,1,2012-12-25,33,15,0,12,7,3,7,3,2,0,3,7
5394,1979,Basic,Single,16014.0,1,1,2013-03-17,42,3,9,4,7,8,7,4,1,1,4,3
3798,1968,Graduation,Married,41120.0,1,1,2013-11-06,80,24,2,23,0,8,24,3,2,1,3,6
3524,1971,Master,Single,39763.0,1,0,2013-08-04,9,80,1,60,4,6,16,2,5,1,2,9
5247,1955,PhD,Married,38725.0,1,1,2014-05-10,52,31,0,6,2,1,5,2,1,0,4,4
5883,1972,Graduation,Married,77981.0,1,0,2013-05-26,78,138,120,204,16,126,60,3,7,4,7,5
2118,1964,2n Cycle,Married,62905.0,0,1,2013-09-10,68,166,75,96,119,107,59,3,7,2,8,4
8812,1979,2n Cycle,Divorced,13533.0,1,0,2013-03-10,45,12,3,8,8,0,17,2,2,0,3,7
6616,1975,Graduation,Together,59481.0,0,1,2013-10-23,47,178,3,85,71,66,58,2,3,3,8,2
2797,1977,Graduation,Married,72117.0,0,1,2013-08-20,34,707,20,171,65,60,50,1,9,7,9,5
4328,1986,2n Cycle,Married,21955.0,1,0,2013-09-07,81,5,1,7,17,14,11,2,2,1,3,6
9167,1956,Graduation,Married,67131.0,0,1,2013-03-26,72,465,71,250,93,35,62,3,9,2,12,6
10560,1980,PhD,Single,36802.0,1,0,2014-06-16,23,16,1,2,0,0,1,1,1,0,3,5
2631,1982,Graduation,Together,71853.0,0,0,2013-05-08,29,358,108,413,141,97,32,1,2,8,6,1
8312,1961,Basic,Married,28249.0,0,0,2014-06-15,80,1,9,7,2,14,10,1,2,0,3,6
5534,1975,Master,Married,47808.0,0,1,2013-10-20,30,123,1,26,2,0,72,2,3,2,3,7
5093,1974,PhD,Divorced,25509.0,1,0,2012-09-18,15,40,3,30,10,7,11,3,3,0,3,9
7592,1946,PhD,Married,51012.0,0,0,2013-04-18,86,102,9,63,2,9,24,1,4,1,4,6
8895,1985,Graduation,Single,70596.0,0,0,2012-10-05,68,347,44,534,17,0,26,1,3,5,12,2
8584,1952,PhD,Together,85431.0,0,0,2013-06-08,54,376,53,462,168,53,53,1,2,7,7,0
2694,1967,Graduation,Married,42664.0,0,1,2014-03-18,44,21,0,3,0,0,0,1,1,0,3,6
8910,1955,Graduation,Together,42586.0,1,1,2012-10-29,7,194,2,56,0,0,0,5,4,1,6,8
7433,1985,Graduation,Single,29760.0,1,0,2012-08-29,87,64,4,68,7,5,17,4,3,1,4,8
164,1977,PhD,Married,28973.0,0,0,2012-10-13,59,206,0,46,3,2,12,2,5,1,5,8
10477,1973,PhD,Together,39435.0,1,0,2013-08-06,16,71,0,18,0,0,13,1,3,1,2,7
2681,1984,2n Cycle,Married,65370.0,0,0,2013-08-01,1,71,22,112,138,89,29,1,2,3,13,1
5150,1979,Basic,Single,20194.0,1,0,2012-12-17,64,0,4,7,11,10,15,2,2,0,3,6
5283,1976,PhD,Single,42473.0,1,1,2014-02-17,72,93,1,21,0,4,25,3,2,1,4,5
9645,1968,Graduation,Married,64590.0,0,0,2012-10-14,98,920,138,168,36,46,30,1,9,4,10,6
10678,1959,Graduation,Together,71232.0,0,1,2013-11-28,91,653,17,170,34,26,17,2,11,2,10,7
7261,1971,Graduation,Together,34600.0,1,1,2013-01-01,8,199,33,60,8,3,15,5,5,2,5,8
9648,1967,Graduation,Single,46904.0,1,1,2012-11-03,20,153,4,56,0,9,31,4,5,1,4,8
2870,1973,Graduation,Married,49094.0,0,1,2012-09-21,6,376,0,38,11,8,69,5,6,3,6,6
8008,1983,Graduation,Together,36075.0,1,0,2013-12-09,54,46,0,30,12,1,30,1,2,0,4,6
1513,1979,2n Cycle,Together,60839.0,1,1,2012-08-28,72,600,21,128,223,150,128,13,2,2,12,8
6173,1979,Graduation,Together,77298.0,0,1,2013-11-02,46,425,115,292,23,35,79,1,6,6,11,3
1419,1950,Graduation,Together,34026.0,1,1,2013-08-05,11,18,6,15,12,8,17,3,2,1,3,5
9150,1963,PhD,Single,48918.0,1,1,2014-04-12,21,52,0,9,0,0,1,2,1,0,4,4
7960,1962,2n Cycle,Together,82122.0,0,0,2013-08-15,89,734,22,350,151,25,100,1,3,9,13,1
1250,1976,Graduation,Single,37697.0,1,0,2014-02-07,82,34,6,21,11,4,8,1,2,1,3,6
9905,1952,Graduation,Together,34074.0,1,1,2013-07-13,69,135,1,41,10,1,67,5,3,3,3,6
10691,1960,Master,Married,28520.0,1,1,2013-06-14,55,11,0,10,0,2,20,1,1,1,2,6
7002,1955,Graduation,Single,62535.0,0,1,2013-10-03,13,163,48,90,0,45,52,1,3,2,8,3
2952,1977,Master,Single,36273.0,1,0,2014-04-16,80,29,3,30,3,2,9,2,3,0,3,6
8439,1964,Graduation,Together,63404.0,0,2,2014-06-06,97,734,26,70,11,44,17,2,6,3,4,4
762,1981,2n Cycle,Together,75774.0,1,0,2014-05-02,27,340,21,134,258,14,56,1,7,5,8,4
2831,1976,Graduation,Together,78416.0,0,1,2014-06-27,99,453,38,279,188,38,183,2,7,7,10,3
6977,1974,Graduation,Together,75702.0,0,1,2012-10-14,87,1073,0,629,145,37,37,1,10,5,13,6
6289,1951,Master,Together,59385.0,1,1,2013-04-28,85,135,0,10,0,4,36,2,3,1,4,5
4168,1966,Graduation,Single,37070.0,1,1,2013-03-20,30,231,7,137,4,15,39,9,5,1,8,7
8397,1951,Graduation,Married,44689.0,1,1,2014-01-10,82,18,0,5,0,0,11,2,1,1,2,7
9284,1958,Graduation,Together,53977.0,0,1,2013-06-08,21,620,16,165,0,24,82,5,5,5,12,5
6237,1966,PhD,Single,7144.0,0,2,2013-12-07,92,81,4,33,5,2,291,0,23,1,1,0
3130,1964,Graduation,Single,18701.0,1,1,2013-06-04,95,12,4,2,10,6,10,4,2,0,4,5
1619,1956,Graduation,Married,90369.0,0,0,2014-04-28,2,292,51,981,224,23,17,1,4,6,6,1
1990,1974,PhD,Single,63159.0,0,0,2012-11-05,74,965,34,586,89,86,37,1,3,5,8,3
5513,1966,Graduation,Together,37758.0,1,1,2012-10-04,49,27,2,10,0,0,1,2,1,0,3,8
269,1963,PhD,Single,46757.0,0,1,2012-11-16,71,777,30,163,0,51,122,6,4,4,7,9
8093,1969,Master,Married,79734.0,0,0,2014-06-28,72,572,8,232,23,62,17,1,4,3,6,1
10513,1992,Graduation,Together,63207.0,0,0,2013-01-20,68,438,169,565,91,169,70,1,2,3,6,7
10177,1954,Graduation,Divorced,72071.0,0,1,2013-02-14,4,531,69,300,150,138,150,3,5,4,8,2
2549,1983,PhD,Together,21840.0,1,0,2013-07-21,80,17,0,9,0,0,1,1,1,0,3,9
5782,1982,2n Cycle,Together,58582.0,0,1,2013-09-28,15,402,35,106,101,77,42,2,9,2,9,5
10057,1951,Graduation,Single,72282.0,0,0,2013-07-19,70,503,27,419,90,139,153,1,5,7,9,7
10307,1956,Graduation,Married,50387.0,0,2,2013-08-31,91,369,9,87,12,14,34,3,6,2,8,5
8566,1961,PhD,Together,32583.0,1,1,2014-06-15,10,5,0,3,0,0,1,1,1,0,2,7
2415,1962,Graduation,Together,62568.0,0,1,2014-04-07,99,362,17,398,80,35,61,3,5,3,5,4
5684,1971,Master,Divorced,44635.0,1,1,2013-10-11,25,56,0,9,0,0,3,2,2,0,3,7
8334,1971,Master,Single,33316.0,1,1,2013-10-04,34,79,1,31,4,4,12,3,2,1,4,6
9166,1968,Graduation,Married,63967.0,0,1,2013-08-09,57,387,84,141,73,35,162,3,4,4,12,2
1440,1978,2n Cycle,Together,52513.0,0,0,2012-09-04,84,367,17,241,104,188,232,2,9,5,9,7
78,1969,Graduation,Married,25293.0,1,0,2013-09-15,51,15,0,11,0,2,9,1,1,1,2,8
5441,1965,PhD,Widow,54111.0,0,1,2013-08-25,97,267,6,54,8,3,50,2,5,2,6,5
5302,1986,Graduation,Together,78394.0,0,0,2013-02-15,13,298,27,697,216,24,166,1,4,6,5,2
4687,1958,Master,Married,80739.0,0,0,2013-05-23,92,674,92,736,39,0,92,1,3,11,9,1
1087,1975,Master,Together,22669.0,1,0,2013-05-22,30,16,14,36,37,22,48,3,4,1,2,9
6859,1987,Graduation,Single,29236.0,1,0,2013-10-08,30,37,4,24,16,9,9,2,4,0,3,9
9860,1959,Graduation,Together,44911.0,0,1,2013-03-15,11,159,0,22,2,1,31,3,4,1,4,7
7129,1962,PhD,Married,54693.0,0,1,2013-02-17,72,686,17,142,23,26,35,8,6,4,13,6
5866,1974,Graduation,Together,48186.0,1,0,2014-03-20,39,97,3,66,12,7,34,3,4,1,4,7
10521,1977,Graduation,Married,54809.0,1,1,2013-09-11,0,63,6,57,13,13,22,4,2,1,5,4
7393,1978,Graduation,Together,41580.0,1,1,2012-12-10,15,56,5,24,4,0,3,3,2,1,3,5
7849,1970,PhD,Married,80336.0,0,0,2013-09-09,12,209,19,456,160,142,66,1,2,9,13,1
332,1957,Graduation,Married,47743.0,0,1,2013-03-22,56,198,2,43,0,12,20,3,4,1,6,6
9847,1955,2n Cycle,Married,62972.0,0,1,2012-08-03,39,313,15,47,20,0,192,2,7,4,3,6
531,1954,PhD,Divorced,57333.0,0,1,2012-09-22,55,941,14,397,76,58,176,11,8,5,9,6
9576,1982,PhD,Together,32313.0,1,0,2013-02-11,60,86,4,56,2,4,7,3,4,0,4,9
6906,1953,Master,Widow,84953.0,0,0,2013-06-03,73,167,48,602,63,72,72,1,3,10,4,2
7419,1968,Master,Divorced,27071.0,1,0,2014-04-23,90,8,3,19,0,2,3,2,2,0,3,6
3170,1957,Master,Together,68148.0,0,0,2013-08-31,86,389,66,408,37,57,85,1,4,4,6,2
8527,1965,Master,Together,65735.0,1,1,2013-12-07,37,239,7,119,4,15,11,5,6,2,6,7
7872,1975,PhD,Married,86836.0,0,0,2012-09-12,7,179,21,273,0,21,63,1,6,10,6,5
9931,1963,PhD,Married,4023.0,1,1,2014-06-23,29,5,0,1,1,1,1,15,0,0,0,19
10595,1990,Graduation,Married,30093.0,0,0,2013-07-08,19,2,6,28,13,4,16,1,2,0,3,7
4609,1966,PhD,Married,57705.0,0,1,2014-01-11,14,383,0,53,6,4,40,3,8,1,6,6
5010,1988,Graduation,Single,25008.0,1,0,2014-02-02,72,2,8,8,6,1,9,2,1,0,3,8
4427,1995,2n Cycle,Single,83257.0,0,0,2012-09-18,56,536,27,590,38,107,67,1,5,10,12,6
11148,1975,Graduation,Together,22280.0,1,0,2013-05-19,85,2,1,4,3,1,2,1,1,0,2,8
1168,1978,PhD,Married,72159.0,0,0,2012-10-29,62,322,53,899,34,40,53,1,4,6,10,2
9595,1961,Graduation,Together,64260.0,0,0,2013-01-11,1,539,169,816,20,0,30,1,4,5,4,3
10163,1984,PhD,Single,82733.0,0,0,2013-09-10,28,712,50,420,65,38,38,1,8,4,7,4
2886,1971,Master,Divorced,74290.0,0,1,2013-08-12,70,1121,0,72,0,12,12,4,10,8,10,6
6710,1951,Master,Single,58217.0,2,1,2012-11-17,84,68,1,13,3,5,13,1,2,0,4,6
5316,1976,Master,Together,21024.0,0,0,2013-07-04,89,36,4,18,6,2,18,1,2,0,4,7
9029,1972,PhD,Married,70116.0,0,0,2013-01-26,73,707,44,603,95,58,29,1,2,8,12,1
521,1985,Graduation,Together,54006.0,1,0,2012-09-18,42,174,77,203,6,24,97,2,8,1,7,7
1459,1966,PhD,Married,69063.0,0,1,2012-11-07,16,666,35,124,69,8,26,1,5,3,5,3
10241,1975,2n Cycle,Divorced,11448.0,0,0,2013-12-15,16,0,0,0,6,2,6,1,1,0,2,6
1630,1979,Graduation,Single,61825.0,0,1,2013-08-07,56,162,50,100,55,30,27,1,4,2,8,4
3254,1971,Graduation,Married,70886.0,1,0,2013-10-14,65,407,70,239,103,88,53,1,5,4,4,2
9064,1982,Graduation,Married,69109.0,0,0,2012-11-09,10,823,25,459,124,29,95,1,6,6,7,4
3678,1973,Graduation,Widow,60208.0,1,1,2012-10-07,13,488,23,71,15,0,59,11,8,3,7,7
4227,1968,Master,Together,32889.0,1,1,2013-09-06,78,28,0,13,4,2,8,3,2,1,3,5
9467,1984,Graduation,Single,34738.0,1,0,2014-05-11,51,3,2,10,3,0,2,1,1,0,3,6
8486,1971,Master,Together,30538.0,1,0,2012-10-01,27,284,0,52,8,3,20,4,9,0,4,10
2186,1977,2n Cycle,Together,82326.0,0,0,2014-03-10,30,938,142,754,159,81,183,1,5,10,6,2
3286,1967,PhD,Divorced,26642.0,1,0,2014-03-01,71,13,2,15,2,2,8,2,2,0,3,6
8602,1964,Graduation,Divorced,69932.0,0,1,2013-06-12,97,412,172,153,150,105,57,2,7,6,11,4
3722,1972,Graduation,Single,44503.0,1,1,2014-04-16,83,31,1,8,0,0,8,2,2,0,3,6
6715,1948,PhD,Single,60200.0,0,1,2013-01-02,3,502,19,132,0,6,26,6,6,2,11,6
4796,1952,Graduation,Divorced,49638.0,0,1,2014-04-19,71,18,10,3,3,5,0,1,1,0,3,2
9612,1987,2n Cycle,Single,23830.0,0,0,2014-02-07,3,1,8,6,4,8,16,1,1,0,3,7
3766,1959,Master,Widow,33051.0,0,0,2012-08-16,15,100,71,243,108,94,219,3,9,1,8,9
1399,1958,Graduation,Married,72905.0,0,0,2014-01-21,52,407,114,445,181,165,203,1,3,7,9,1
1570,1951,PhD,Together,69702.0,0,1,2013-02-19,8,664,9,240,50,19,57,2,7,7,10,4
3426,1975,Graduation,Divorced,70300.0,1,0,2013-07-15,89,1045,61,338,60,46,46,3,5,5,13,8
3074,1984,PhD,Married,70643.0,0,0,2012-10-15,66,1218,107,304,23,143,33,1,5,8,4,6
8341,1969,PhD,Married,30396.0,1,0,2014-04-30,22,15,0,6,0,1,12,2,1,1,2,7
5180,1968,PhD,Divorced,50616.0,0,1,2014-04-18,56,128,0,16,0,1,4,2,4,0,4,7
6461,1969,Master,Single,62772.0,0,1,2013-05-19,74,581,49,157,43,8,108,1,5,6,11,2
7679,1985,PhD,Single,30298.0,0,0,2014-05-19,48,6,3,12,6,1,0,1,1,1,3,3
10702,1984,Graduation,Single,52413.0,1,0,2012-11-03,67,185,8,133,56,56,12,2,7,1,7,7
7505,1957,PhD,Married,44155.0,1,1,2014-01-19,24,22,1,9,0,0,14,1,1,1,2,4
5113,1971,PhD,Divorced,86979.0,0,0,2013-11-07,67,584,100,835,65,83,35,1,5,5,5,2
10858,1975,Graduation,Together,76532.0,1,1,2013-09-09,38,355,30,177,90,138,30,4,9,5,7,5
2961,1982,Graduation,Married,42081.0,1,0,2013-02-26,86,175,10,110,54,6,27,2,6,3,4,6
2747,1988,PhD,Married,67546.0,0,0,2012-08-31,90,864,134,768,150,38,172,1,4,10,5,3
3010,1989,Master,Together,88420.0,0,0,2014-05-02,87,957,153,612,99,95,153,1,4,7,8,1
5790,1985,Graduation,Married,31158.0,1,0,2013-01-27,62,25,6,16,20,0,5,2,2,0,3,8
6892,1968,Graduation,Divorced,61671.0,0,1,2014-06-03,23,641,7,56,0,0,28,8,10,4,6,8
1743,1974,Graduation,Single,69719.0,0,0,2014-05-26,99,273,86,208,177,14,43,1,2,3,5,1
3578,1949,Graduation,Divorced,49160.0,0,1,2013-10-20,29,122,21,43,25,10,15,2,3,1,6,6
8462,1978,Basic,Together,24882.0,1,0,2012-09-09,52,1,4,10,29,0,36,1,1,1,2,6
5558,1954,PhD,Single,90933.0,0,0,2014-03-31,90,1020,31,430,62,63,79,1,4,6,4,1
4619,1945,PhD,Single,113734.0,0,0,2014-05-28,9,6,2,3,1,262,3,0,27,0,0,1
8780,1950,PhD,Together,59292.0,0,1,2013-06-13,71,378,14,68,19,14,14,2,3,5,8,3
10789,1964,PhD,Married,45759.0,1,1,2013-02-23,13,42,1,18,3,0,4,2,2,0,3,7
10779,1983,Graduation,Single,22148.0,0,0,2014-04-13,16,15,5,14,0,4,11,1,1,0,3,7
5896,1987,Master,Married,73395.0,0,0,2014-03-18,94,272,7,80,20,7,11,1,4,4,6,2
2337,1971,Graduation,Divorced,29819.0,1,0,2013-10-24,77,9,1,24,2,1,2,3,3,0,3,6
10951,1968,Graduation,Married,45688.0,0,1,2014-01-25,20,279,0,18,0,0,9,2,3,1,8,4
544,1954,Graduation,Married,62820.0,0,0,2013-05-11,51,398,61,265,138,61,53,1,3,4,6,1
17,1971,PhD,Married,60491.0,0,1,2013-09-06,81,637,47,237,12,19,76,4,6,11,7,5
10680,1986,Graduation,Together,33235.0,1,0,2014-02-05,71,45,0,16,2,1,6,1,3,0,3,7
3265,1959,Graduation,Married,35701.0,0,0,2013-03-19,36,21,1,9,7,3,5,1,1,0,3,6
5623,1980,Master,Married,31535.0,1,0,2013-09-26,95,15,4,13,0,0,19,1,1,1,2,7
5832,1960,2n Cycle,Together,92556.0,0,0,2014-04-20,32,493,183,352,184,23,28,0,3,5,13,0
5544,1970,Graduation,Single,67384.0,0,1,2012-11-10,32,957,40,175,158,53,107,2,7,8,5,5
6417,1971,Master,Together,80573.0,0,0,2012-10-14,85,829,138,430,60,92,15,1,4,6,13,2
5831,1967,Graduation,Married,77870.0,0,1,2012-08-22,93,1017,50,500,65,50,133,3,5,5,5,8
7101,1963,PhD,Widow,52278.0,0,1,2013-01-25,24,953,0,71,0,0,174,6,10,5,10,8
10176,1968,Graduation,Single,57107.0,0,1,2012-08-24,44,159,0,120,0,0,137,7,4,4,8,8
2326,1990,Graduation,Married,18929.0,0,0,2013-02-16,15,32,0,8,23,4,18,1,1,0,4,6
4385,1981,PhD,Single,36038.0,1,0,2013-05-31,82,23,0,15,0,2,7,2,3,0,3,6
2929,1976,Graduation,Single,20180.0,0,0,2013-02-20,27,18,42,24,15,20,18,1,2,1,4,7
10686,1965,PhD,Together,34230.0,1,1,2012-12-26,72,15,0,4,0,0,2,1,1,0,2,7
2546,1977,2n Cycle,Single,31878.0,0,1,2014-06-22,7,23,4,5,10,5,23,1,1,0,4,3
3283,1972,2n Cycle,Married,70932.0,0,1,2014-01-19,57,200,193,100,46,185,185,2,6,2,12,3
3138,1956,Graduation,Single,91249.0,0,0,2012-10-20,84,1324,27,119,71,108,27,0,7,9,6,4
4994,1943,Master,Single,77598.0,0,0,2013-10-01,53,1193,33,281,129,66,33,1,7,5,13,3
7966,1959,Graduation,Single,80982.0,1,1,2013-01-08,48,505,137,401,104,22,22,3,11,5,11,5
3112,1977,Master,Married,22701.0,1,0,2013-09-05,2,2,4,9,0,4,5,1,1,0,3,5
10872,1969,PhD,Married,55212.0,0,1,2012-11-23,65,1103,0,45,0,0,34,3,4,2,11,8
2181,1970,Graduation,Married,70617.0,0,0,2013-06-23,45,353,61,753,40,46,27,1,3,3,7,2
1867,1957,Graduation,Single,64849.0,0,0,2012-11-13,42,652,48,350,94,84,108,1,9,3,6,5
1518,1965,Master,Married,62694.0,1,1,2013-06-17,29,379,6,157,25,91,91,5,9,3,7,7
5734,1974,PhD,Married,61917.0,1,1,2013-11-20,83,46,4,36,2,2,1,1,2,0,4,5
2878,1947,PhD,Married,67472.0,0,1,2013-09-28,93,162,31,127,8,17,69,2,4,2,7,3
1458,1982,Master,Married,21059.0,1,0,2014-01-07,40,8,3,19,3,3,8,3,3,0,3,6
7007,1968,Master,Married,29543.0,2,0,2014-04-01,47,17,3,18,3,4,18,2,3,1,2,7
6200,1951,Graduation,Married,75903.0,0,1,2013-04-08,50,340,108,185,130,38,100,2,6,6,9,3
1403,1975,2n Cycle,Together,34984.0,1,1,2012-09-06,40,8,4,15,3,5,3,2,1,0,3,7
4827,1956,PhD,Single,54998.0,0,1,2013-03-10,3,154,22,202,39,30,8,5,4,2,9,4
6250,1949,PhD,Widow,54356.0,0,1,2012-11-19,62,710,15,30,20,0,0,3,11,2,8,8
9291,1959,Master,Married,34242.0,0,1,2014-03-23,25,8,2,4,0,0,1,1,0,0,3,5
2478,1973,Graduation,Married,25410.0,1,0,2013-08-31,48,2,2,4,13,13,4,1,1,0,4,4
1139,1984,PhD,Married,73356.0,0,0,2014-02-06,56,1050,14,322,0,14,112,1,5,11,5,2
5138,1950,Graduation,Together,28320.0,0,1,2013-01-14,68,19,1,14,3,2,4,1,1,0,3,8
5393,1977,Graduation,Single,23763.0,1,0,2012-08-07,64,22,0,6,6,2,6,1,1,0,3,7
10413,1984,Graduation,Married,72570.0,0,0,2014-04-25,67,274,83,216,151,141,224,1,4,6,12,1
5015,1976,Master,Married,34529.0,1,0,2012-09-14,94,68,6,38,3,6,41,2,2,2,3,7
10868,1951,Graduation,Widow,70792.0,0,0,2013-02-06,82,344,45,654,104,11,114,2,3,4,10,3
10676,1982,Graduation,Married,63211.0,0,0,2012-11-02,3,145,193,459,205,26,145,2,3,8,7,2
2495,1974,Master,Married,83891.0,0,1,2014-06-20,24,217,38,350,111,85,15,1,4,7,10,1
7842,1968,Graduation,Single,36065.0,1,1,2013-03-31,54,18,7,34,10,2,3,3,3,0,3,8
9955,1954,Graduation,Together,39898.0,0,1,2013-02-12,20,69,8,26,12,7,12,2,3,0,4,7
6663,1940,PhD,Single,51141.0,0,0,2013-07-08,96,144,0,7,0,0,6,1,3,1,4,5
2162,1976,Graduation,Married,56939.0,0,1,2013-09-18,19,256,34,103,90,29,49,2,3,3,10,3
3434,1951,Graduation,Single,80872.0,0,0,2014-05-12,60,483,72,567,94,12,108,1,4,4,10,1
7919,1976,PhD,Together,72335.0,0,0,2012-08-13,2,1285,105,653,28,21,0,1,10,4,8,8
5626,1964,PhD,Single,61798.0,0,0,2013-11-23,13,338,4,89,11,8,13,1,4,2,9,4
6428,1950,PhD,Widow,76842.0,0,0,2014-05-03,37,605,10,345,84,54,32,1,1,8,7,0
8514,1976,Graduation,Together,29478.0,1,0,2014-01-17,59,8,0,7,3,1,1,1,1,0,3,6
10448,1956,Graduation,Single,46998.0,0,1,2012-10-22,55,172,41,86,45,6,27,5,5,3,5,7
2109,1990,Graduation,Single,96843.0,0,0,2013-04-23,60,448,71,951,40,17,17,1,6,11,10,2
7530,1950,PhD,Widow,56551.0,1,1,2014-05-07,48,67,4,32,17,2,16,3,2,1,4,4
8925,1965,Master,Married,70053.0,0,1,2013-07-03,38,512,53,98,81,179,89,3,8,5,10,5
3009,1962,PhD,Widow,71670.0,0,0,2013-07-09,8,1462,16,128,0,0,160,1,5,3,6,6
6355,1978,Graduation,Married,44359.0,1,1,2014-06-17,19,20,0,14,7,3,1,3,2,0,4,3
3517,1952,Graduation,Single,40887.0,1,1,2013-05-06,32,50,4,44,10,10,43,3,3,1,3,9
1158,1966,Graduation,Divorced,48877.0,0,1,2014-01-05,27,102,1,15,2,0,24,1,3,0,4,7
6203,1947,Graduation,Together,74485.0,0,0,2013-08-24,58,499,149,815,173,49,49,1,6,7,12,3
7165,1972,Graduation,Together,64474.0,0,1,2013-10-22,59,381,35,172,56,86,93,2,8,2,10,5
3595,1963,Graduation,Together,77226.0,0,1,2014-02-28,29,631,43,239,128,76,21,2,6,8,12,3
8537,1949,Graduation,Widow,72643.0,0,0,2013-02-27,60,526,80,553,123,94,53,1,3,10,7,2
4331,1978,Master,Together,85738.0,0,0,2014-01-23,41,913,26,376,17,26,13,1,3,6,11,1
6281,1966,Graduation,Divorced,55686.0,0,1,2013-02-14,27,673,0,199,37,47,26,2,6,3,5,4
4338,1983,Graduation,Single,39062.0,1,0,2014-03-25,28,23,0,9,0,0,12,1,1,0,3,4
2452,1971,Graduation,Together,34600.0,1,1,2013-01-01,8,199,33,60,8,3,15,5,5,2,5,8
9507,1975,Graduation,Married,40794.0,0,1,2013-04-07,18,261,23,73,4,23,50,2,6,3,5,7
8360,1971,2n Cycle,Married,54690.0,1,1,2013-11-07,76,111,16,37,7,9,18,3,3,1,5,3
10311,1969,Graduation,Married,4428.0,0,1,2013-10-05,0,16,4,12,2,4,321,0,25,0,0,1
5117,1963,2n Cycle,Married,32632.0,0,0,2012-08-02,32,63,151,137,153,19,53,2,4,4,8,5
4867,1968,PhD,Single,38236.0,1,1,2013-09-20,2,58,0,18,2,0,10,4,3,0,4,7
9289,1979,Graduation,Married,36781.0,1,0,2014-04-10,16,29,1,17,0,3,13,1,2,1,2,8
10913,1984,Master,Single,31385.0,1,0,2012-12-05,56,3,2,12,0,1,9,1,1,0,2,8
3032,1984,Graduation,Married,24570.0,1,0,2013-02-27,97,28,34,62,11,14,44,3,4,0,4,9
8524,1974,PhD,Divorced,25509.0,1,0,2012-09-18,15,40,3,30,10,7,11,3,3,0,3,9
3334,1951,Graduation,Married,94642.0,0,0,2014-02-12,35,879,143,797,106,143,143,0,5,7,9,1
4470,1962,Master,Married,58646.0,0,1,2013-06-10,3,62,1,44,6,5,22,1,2,1,4,4
1406,1975,Graduation,Single,53201.0,1,1,2013-02-12,49,280,7,81,20,0,27,8,6,3,5,7
8619,1957,Graduation,Together,21994.0,0,1,2012-12-24,4,9,0,6,3,1,3,1,0,0,3,5
10821,1978,Graduation,Married,57113.0,1,1,2013-02-06,45,182,4,33,0,2,42,6,4,1,5,7
4552,1991,Graduation,Married,51373.0,0,0,2013-06-22,37,83,2,101,64,26,117,1,3,5,3,4
898,1986,Graduation,Married,23477.0,1,0,2013-10-21,39,38,15,54,3,8,29,3,3,0,4,8
9797,1956,Graduation,Married,58116.0,0,1,2014-04-13,38,228,19,130,4,11,51,2,3,3,8,2
10949,1963,PhD,Divorced,72968.0,0,0,2013-12-16,8,1092,37,592,145,37,55,1,5,5,8,3
8212,1971,Master,Married,39791.0,0,1,2013-03-28,89,85,15,27,13,13,21,2,3,1,4,7
6248,1947,Master,Single,91712.0,0,0,2013-10-17,47,1276,24,746,94,29,48,0,9,7,11,3
10164,1958,Graduation,Single,94472.0,0,1,2014-04-03,75,1017,33,417,108,100,16,1,5,5,5,5
4547,1960,Graduation,Together,13672.0,1,1,2013-04-17,86,6,2,9,2,1,5,2,1,0,3,8
6815,1980,2n Cycle,Married,96547.0,0,0,2014-05-23,4,448,21,125,52,101,62,0,7,6,8,2
4122,1975,Graduation,Married,79205.0,0,0,2012-08-29,73,504,23,117,179,28,44,1,6,5,4,4
10841,1975,PhD,Together,56559.0,0,1,2012-12-25,46,226,22,133,41,31,31,3,4,3,8,4
5370,1973,PhD,Married,32644.0,1,0,2013-01-16,38,239,3,141,0,7,23,4,7,1,6,8
176,1980,2n Cycle,Single,67506.0,0,1,2014-01-02,73,90,38,67,33,36,67,1,4,1,6,3
4860,1970,Graduation,Single,24206.0,1,0,2013-03-08,66,7,2,8,3,2,3,1,1,0,3,6
10757,1967,PhD,Divorced,28420.0,1,0,2013-12-24,36,4,2,5,2,0,0,1,1,0,2,6
4023,1970,Graduation,Married,22979.0,1,0,2012-09-06,29,16,17,19,20,21,22,3,3,2,2,8
6679,1966,Graduation,Single,33279.0,0,0,2014-06-12,29,10,3,3,0,0,0,1,0,0,3,3
9923,1972,Master,Single,46423.0,1,1,2013-09-18,6,68,0,16,0,0,8,3,2,0,4,7
7181,1977,Graduation,Married,30368.0,0,1,2013-11-07,97,35,0,13,2,0,2,2,2,0,3,8
3599,1970,Graduation,Married,63684.0,0,1,2012-11-26,61,575,80,428,208,93,80,3,8,4,8,5
405,1964,Graduation,Divorced,41638.0,0,1,2013-02-13,68,315,0,31,4,0,91,4,5,5,3,8
6870,1959,PhD,Divorced,68805.0,0,1,2013-09-17,73,182,2,49,17,13,20,1,3,1,7,2
832,1966,PhD,Together,65814.0,0,1,2014-03-02,90,561,14,113,10,14,35,3,8,2,10,5
2002,1958,Graduation,Divorced,71964.0,0,0,2013-05-20,81,587,51,932,180,34,86,1,5,6,5,3
3657,1986,Graduation,Single,39146.0,1,0,2013-02-14,1,94,1,33,13,12,12,3,4,0,4,8
500,1977,Graduation,Together,96876.0,0,0,2013-08-06,79,908,43,735,40,194,21,1,7,7,9,2
1951,1981,Basic,Married,34445.0,0,0,2013-01-27,92,228,122,122,208,129,30,6,11,2,8,9
3262,1958,Graduation,Single,68281.0,0,0,2012-08-07,31,995,112,417,42,48,41,1,2,9,13,5
4102,1975,2n Cycle,Married,37284.0,1,1,2013-03-29,46,11,1,2,2,1,6,1,0,0,3,6
7042,1983,Graduation,Married,36790.0,0,0,2013-03-01,14,3,3,14,15,21,10,1,2,1,2,9
10598,1967,Graduation,Together,27943.0,1,1,2013-04-15,89,12,1,16,4,1,3,3,2,0,3,8
255,1951,Graduation,Divorced,22263.0,1,1,2014-03-30,31,17,0,2,0,0,2,2,1,0,3,6
2375,1972,Graduation,Together,30261.0,1,2,2012-09-25,75,8,0,5,0,3,6,1,0,0,3,8
9829,1978,Graduation,Together,28587.0,1,0,2014-02-12,42,22,4,17,12,10,13,3,2,0,4,6
6214,1982,Master,Married,43815.0,1,0,2013-04-05,53,14,10,29,4,7,15,1,2,0,3,6
4954,1956,Graduation,Married,48195.0,1,1,2014-01-21,53,106,27,68,52,7,5,6,4,2,5,6
7861,1952,Master,Married,77027.0,0,1,2014-02-05,23,820,57,242,45,0,11,2,8,3,6,4
4837,1965,PhD,Married,71322.0,0,1,2013-02-16,57,753,43,226,69,10,204,2,8,5,13,4
9423,1979,Master,Married,32765.0,1,0,2014-02-23,49,13,3,17,7,3,3,2,2,0,4,5
4198,1965,Graduation,Together,29672.0,1,1,2013-03-12,6,9,1,3,0,4,8,1,0,0,3,6
153,1953,Graduation,Divorced,23272.0,0,0,2013-10-17,29,19,3,6,4,2,12,1,1,0,3,4
9323,1949,Master,Together,49912.0,0,1,2012-09-07,5,520,8,223,32,49,42,4,10,5,7,8
10001,1985,2n Cycle,Together,7500.0,1,0,2012-08-01,98,5,17,17,13,14,34,4,2,1,3,9
3945,1947,PhD,Widow,68117.0,0,1,2013-03-10,80,618,44,215,0,17,36,2,11,8,4,6
3799,1955,Graduation,Married,67225.0,0,1,2013-11-26,4,315,35,322,46,7,143,3,7,2,11,5
8625,1976,Graduation,Married,17649.0,1,0,2013-11-12,70,15,1,23,0,5,1,3,3,0,3,8
3491,1975,Graduation,Together,55914.0,0,1,2013-04-29,32,384,60,364,119,101,232,4,11,6,8,7
983,1984,Graduation,Married,40059.0,1,0,2013-09-28,82,110,29,92,28,10,145,1,6,2,3,8
9119,1950,Graduation,Together,60905.0,0,1,2013-12-05,27,208,17,76,36,17,38,2,3,3,7,2
4786,1977,Graduation,Married,75330.0,1,1,2012-10-04,94,555,82,257,93,61,61,4,10,3,12,6
5872,1951,Graduation,Single,60689.0,0,1,2013-06-01,23,240,90,216,63,6,24,4,4,4,10,3
6568,1984,Graduation,Married,38680.0,1,0,2013-03-28,97,11,0,36,15,5,12,1,2,0,3,7
5628,1982,Graduation,Together,61416.0,0,0,2013-02-08,25,848,154,323,201,61,78,1,10,3,10,6
5631,1991,Graduation,Single,49767.0,0,0,2013-05-02,92,202,47,197,55,42,149,1,5,4,8,4
4974,1970,Graduation,Single,83273.0,1,2,2012-09-25,98,433,89,650,16,102,102,10,4,6,9,7
8416,1981,Graduation,Married,29009.0,1,0,2013-11-29,19,6,6,15,10,5,2,2,2,0,3,6
5454,1979,Master,Married,45057.0,1,0,2013-12-01,80,37,0,7,3,0,3,1,2,0,3,5
4095,1971,Graduation,Married,37150.0,1,0,2012-09-11,80,167,37,64,49,34,116,8,4,3,6,7
5474,1970,Graduation,Single,43020.0,1,0,2013-11-30,79,45,7,99,4,25,43,3,4,1,4,6
4268,1959,Graduation,Married,53154.0,0,1,2014-06-09,50,129,0,21,0,1,7,1,3,1,4,4
10701,1973,Graduation,Married,65308.0,0,0,2013-09-11,60,713,0,264,120,80,34,1,7,8,12,4
3507,1970,Graduation,Single,76467.0,1,0,2012-08-17,44,676,161,426,210,44,58,2,2,5,5,6
2079,1947,2n Cycle,Married,81044.0,0,0,2013-12-27,0,450,26,535,73,98,26,1,5,6,10,1
626,1951,Graduation,Married,32871.0,1,1,2013-03-09,28,22,2,12,0,2,5,1,1,0,3,4
4426,1975,Graduation,Single,55801.0,1,1,2013-09-22,35,367,4,51,6,4,95,6,7,2,6,7
2591,1959,Graduation,Widow,76320.0,0,1,2014-06-22,49,526,35,214,69,53,35,2,6,3,4,2
10509,1955,Master,Single,36927.0,1,1,2014-06-02,46,51,0,16,0,0,4,2,3,0,3,8
6382,1953,Graduation,Together,48794.0,1,1,2014-06-26,97,25,0,11,3,0,15,1,1,0,3,4
6673,1965,Graduation,Single,23478.0,0,0,2013-03-19,51,28,6,27,12,17,39,1,3,0,3,8
7441,1973,Graduation,Divorced,71128.0,1,0,2012-10-06,80,958,159,447,20,0,31,3,2,10,12,7
1071,1976,PhD,Divorced,70179.0,0,1,2013-07-21,10,532,88,168,69,44,133,3,7,3,13,5
10061,1950,Graduation,Married,59462.0,0,1,2013-01-05,29,724,17,143,0,8,196,2,9,2,12,7
7187,1969,Master,Together,,1,1,2013-05-18,52,375,42,48,94,66,96,7,4,10,4,3
8775,1969,Graduation,Together,38361.0,1,0,2013-12-27,74,39,0,56,20,8,14,3,3,1,3,7
1612,1981,PhD,Single,,1,0,2013-05-31,82,23,0,15,0,2,7,2,3,0,3,6
2345,1982,PhD,Together,70038.0,0,0,2013-10-25,54,587,54,348,71,54,130,1,4,4,8,2
322,1978,Graduation,Together,42554.0,1,1,2013-01-12,93,29,1,11,0,0,0,2,2,0,3,4
10897,1974,Graduation,Married,67445.0,0,1,2012-08-12,63,757,80,217,29,80,11,5,9,6,12,6
123,1951,Graduation,Widow,67046.0,0,1,2013-01-06,92,544,35,133,23,151,107,2,4,5,4,2
6103,1948,Graduation,Married,42192.0,0,0,2013-09-06,40,40,15,15,17,6,7,1,2,1,3,4
7899,1952,PhD,Married,77610.0,0,1,2012-10-29,70,1245,33,332,21,33,16,2,4,7,4,7
10500,1984,Graduation,Married,31761.0,1,0,2014-04-05,96,19,1,20,16,14,28,2,3,0,4,5
1655,1979,Graduation,Together,34350.0,1,0,2013-10-19,81,16,3,15,2,1,11,1,1,0,3,7
2406,1949,Graduation,Together,54591.0,0,1,2013-08-05,63,376,4,94,12,9,24,3,6,2,8,5
2712,1956,Graduation,Married,71866.0,0,1,2013-12-25,85,184,178,178,103,39,33,1,6,3,10,3
5517,1969,Graduation,Married,25293.0,1,0,2013-09-15,51,15,0,11,0,2,9,1,1,1,2,8
10643,1987,PhD,Single,42000.0,0,0,2013-01-10,23,124,83,267,85,59,35,2,5,2,11,5
2254,1983,Graduation,Married,69520.0,0,0,2013-07-07,95,627,120,414,121,80,93,1,9,6,5,5
10281,1970,Graduation,Divorced,64713.0,1,0,2014-02-07,11,180,60,241,13,54,54,2,5,5,7,4
6958,1977,Master,Married,27889.0,1,0,2013-07-05,42,14,0,4,0,0,8,1,1,1,2,6
954,1960,Basic,Widow,22123.0,0,0,2014-03-27,77,3,3,24,34,7,31,1,2,1,3,5
5079,1971,Graduation,Married,,1,1,2013-03-03,82,71,1,16,0,0,9,4,2,1,3,8
10339,1954,Master,Together,,0,1,2013-06-23,83,161,0,22,0,0,24,2,4,1,4,6
4643,1973,Graduation,Married,27803.0,1,0,2012-08-26,40,8,26,46,38,9,49,2,3,0,4,8
3117,1955,Graduation,Single,,0,1,2013-10-18,95,264,0,21,12,6,147,3,6,1,5,7
6497,1960,Graduation,Married,51651.0,0,1,2012-11-07,32,293,6,23,13,6,92,4,6,2,5,8
5396,1988,Graduation,Married,68487.0,0,0,2013-01-13,48,758,12,385,33,89,89,1,9,7,13,4
5250,1943,Master,Widow,,0,0,2013-10-30,75,532,126,490,164,126,126,1,5,5,11,1
1052,1969,Graduation,Married,56796.0,0,1,2013-02-16,24,656,38,161,62,47,37,3,8,9,7,7
2802,1992,2n Cycle,Married,87000.0,0,0,2012-12-15,61,196,25,607,67,17,49,1,4,6,7,2
6343,1959,Graduation,Married,79823.0,0,1,2014-03-31,6,835,73,380,114,73,43,1,6,9,7,2
6507,1980,Graduation,Single,30828.0,1,0,2013-10-04,16,16,11,15,2,0,12,2,1,1,4,3
7901,1971,Master,Married,34109.0,0,1,2013-11-06,39,9,1,5,2,1,4,1,0,0,3,4
4865,1974,Master,Divorced,53367.0,1,1,2013-08-31,2,229,7,140,10,3,11,7,5,1,8,7
2686,1969,Basic,Together,22390.0,0,0,2013-10-21,49,0,1,4,15,1,5,1,1,0,2,7
3107,1976,Graduation,Together,71322.0,0,1,2014-05-02,31,121,24,124,24,15,42,1,4,1,7,2
7734,1993,Graduation,Absurd,79244.0,0,0,2012-12-19,58,471,102,125,212,61,245,1,4,10,7,1
1146,1949,Master,Together,49912.0,0,1,2012-09-07,5,520,8,223,32,49,42,4,10,5,7,8
11031,1950,PhD,Married,48699.0,1,1,2013-05-21,90,26,1,10,2,0,1,1,1,0,3,5
7428,1975,Graduation,Together,80144.0,0,0,2013-09-30,47,240,132,445,250,192,108,1,3,7,8,1
975,1956,Graduation,Single,54252.0,1,1,2013-05-28,25,178,4,26,8,4,44,5,4,1,5,6
1103,1976,Master,Married,81929.0,1,0,2012-09-29,60,1486,55,278,49,0,185,2,4,4,10,6
3422,1975,Graduation,Married,76068.0,0,1,2012-11-29,67,1115,12,128,33,12,76,1,2,3,4,6
1055,1976,Master,Married,53204.0,1,1,2014-03-20,40,29,0,8,2,0,6,1,1,0,3,4
6544,1949,PhD,Together,67911.0,0,1,2014-05-22,63,529,0,356,63,28,0,3,6,7,11,3
1241,1984,2n Cycle,Married,14796.0,1,0,2012-09-17,1,13,3,8,7,4,16,2,1,0,3,9
2909,1974,PhD,Married,78128.0,0,1,2014-02-19,89,934,24,230,16,24,36,2,8,4,6,3
5802,1972,Basic,Married,14188.0,0,0,2013-02-28,40,2,7,11,16,12,27,1,2,0,4,6
1407,1986,Basic,Married,20425.0,1,0,2012-10-29,5,4,12,5,3,16,17,2,2,0,3,7
6183,1962,Master,Married,58646.0,0,1,2013-06-10,3,62,1,44,6,5,22,1,2,1,4,4
340,1970,Graduation,Divorced,72967.0,0,1,2012-12-15,1,158,35,179,0,0,125,2,7,2,8,5
5991,1949,Master,Married,48150.0,0,1,2013-06-08,24,173,2,39,3,2,47,3,5,1,4,7
3104,1961,Graduation,Single,82332.0,0,0,2012-09-17,89,830,59,968,51,79,19,1,5,3,12,2
9729,1955,Graduation,Widow,58275.0,1,1,2013-06-02,48,189,10,253,56,43,64,6,8,2,7,7
1008,1981,PhD,Together,44953.0,0,0,2012-12-21,31,728,17,133,11,8,124,1,7,3,13,6
11091,1953,Graduation,Together,34587.0,1,1,2014-05-16,68,7,2,9,2,0,2,2,1,0,3,4
3969,1974,Master,Together,43018.0,0,1,2013-11-01,46,35,4,17,7,6,64,1,2,2,2,5
1916,1954,Master,Married,45736.0,0,1,2013-07-24,92,188,3,180,20,3,43,5,7,1,6,7
9907,1969,Master,Together,66476.0,0,1,2013-12-04,80,742,28,152,25,9,57,2,6,8,10,4
87,1981,2n Cycle,Married,27733.0,1,0,2013-08-26,16,0,7,5,26,2,17,2,2,0,3,7
8659,1952,PhD,Together,69805.0,0,1,2014-01-21,50,750,71,174,13,10,20,2,6,8,11,2
6262,1962,Master,Single,72217.0,0,0,2013-04-10,93,816,42,450,55,56,154,1,3,10,8,2
6147,1971,Graduation,Divorced,25818.0,1,0,2012-10-18,51,5,2,8,2,2,9,1,0,1,2,7
8832,1976,Master,Together,37509.0,1,0,2012-09-12,24,37,5,56,12,8,5,2,3,0,4,7
10067,1976,2n Cycle,Together,25176.0,1,1,2013-08-10,79,4,0,4,0,0,5,1,1,0,2,7
7532,1980,Graduation,Married,43586.0,0,1,2012-08-30,26,99,2,11,4,0,16,3,3,0,4,8
4915,1956,2n Cycle,Married,53230.0,0,1,2012-08-03,86,176,72,98,136,21,229,4,5,2,12,5
2115,1957,Graduation,Together,50116.0,1,1,2014-06-20,68,54,0,10,0,0,2,2,1,0,4,5
2088,1972,Graduation,Together,84906.0,0,0,2013-10-04,98,997,15,414,99,30,76,1,5,6,12,2
2493,1966,Graduation,Married,61286.0,0,1,2013-08-02,34,356,0,107,19,9,117,2,7,1,8,5
6292,1986,PhD,Married,82333.0,0,0,2013-03-30,60,1311,0,359,46,89,17,1,4,3,10,2
1631,1965,PhD,Together,65220.0,0,0,2012-09-03,3,890,63,292,0,25,12,4,8,4,7,6
10104,1974,Graduation,Together,33590.0,2,1,2013-11-03,65,4,0,2,0,0,2,1,1,0,2,7
3006,1976,Graduation,Divorced,30992.0,1,0,2013-04-22,83,17,0,14,7,3,2,1,1,0,3,7
3919,1976,Master,Single,72309.0,0,0,2013-03-11,64,960,0,883,50,38,0,1,5,6,8,3
11181,1949,PhD,Married,156924.0,0,0,2013-08-29,85,2,1,2,1,1,1,0,0,0,0,0
642,1980,Basic,Married,16005.0,1,0,2012-08-14,69,1,3,2,20,30,47,3,2,1,2,8
4369,1957,Master,Absurd,65487.0,0,0,2014-01-10,48,240,67,500,199,0,163,3,3,5,6,2
10127,1965,Graduation,Married,58692.0,0,1,2014-04-06,21,301,11,61,4,7,11,1,8,2,4,7
271,1969,Graduation,Widow,40590.0,1,1,2013-10-02,30,154,0,50,6,11,37,5,3,4,3,6
4973,1970,Graduation,Single,20587.0,1,0,2014-05-11,39,2,3,6,4,1,9,1,1,1,2,7
2948,1954,Master,Divorced,62637.0,0,1,2014-03-01,76,104,12,48,4,12,5,1,2,2,5,2
2715,1966,Master,Divorced,29435.0,1,1,2012-08-06,11,70,3,37,4,2,64,4,3,2,2,9
10432,1974,Graduation,Divorced,19346.0,1,0,2014-01-30,26,2,0,9,3,6,2,1,1,0,3,8
9216,1971,Graduation,Married,35788.0,1,1,2014-01-23,34,23,2,11,3,1,4,2,2,0,3,6
7124,1968,Graduation,Divorced,36997.0,1,1,2013-02-01,72,43,4,12,8,0,27,5,2,1,4,5
9727,1957,Graduation,Married,23539.0,0,0,2014-02-28,13,4,24,11,16,1,25,1,2,0,4,6
5136,1973,Graduation,Single,65333.0,0,1,2014-01-17,58,654,7,92,0,15,30,7,9,4,8,6
9790,1957,Graduation,Single,78499.0,0,0,2013-11-23,12,912,72,170,47,36,97,1,11,3,4,4
1818,1971,PhD,Together,29732.0,1,0,2014-03-25,23,25,0,8,0,1,4,1,2,0,2,9
1100,1960,Master,Together,41275.0,1,2,2014-03-24,33,24,4,22,0,2,9,4,3,1,3,5
7873,1973,PhD,Together,63516.0,1,1,2013-07-06,30,141,11,114,15,14,5,4,4,1,7,5
10609,1962,PhD,Married,42769.0,0,1,2013-10-12,15,71,0,13,3,1,0,2,1,1,4,4
6950,1958,Master,Married,49572.0,1,1,2013-12-15,25,35,1,16,0,1,1,2,2,0,3,7
7233,1972,Graduation,Married,69209.0,0,0,2012-09-17,4,496,32,849,229,48,128,2,5,3,6,4
9481,1976,Graduation,Married,17148.0,1,0,2014-01-28,80,9,9,11,13,10,16,4,3,1,3,8
7699,1969,Graduation,Widow,40590.0,1,1,2013-10-02,30,154,0,50,6,11,37,5,3,4,3,6
2711,1976,Master,Together,30560.0,1,0,2013-06-27,6,9,1,5,4,5,7,1,1,0,3,7
8933,1983,2n Cycle,Married,32146.0,1,0,2014-05-12,16,26,3,23,4,7,3,2,2,0,4,6
8726,1964,2n Cycle,Divorced,41713.0,1,1,2014-04-29,57,77,8,44,10,10,25,5,3,1,4,6
1515,1975,Master,Together,34176.0,0,1,2014-01-22,9,11,2,7,4,2,2,1,1,0,3,3
5186,1955,PhD,Married,58482.0,0,1,2014-03-12,59,576,7,115,19,7,7,2,7,4,9,6
10157,1965,Graduation,Single,59686.0,0,1,2014-01-25,78,89,15,89,34,42,5,1,4,1,6,4
5667,1964,PhD,Married,60896.0,0,1,2012-10-11,90,1013,30,399,60,46,153,3,9,10,4,6
902,1980,Graduation,Together,62994.0,1,0,2014-03-04,74,224,12,48,4,12,12,1,6,2,4,6
977,1957,Graduation,Together,47320.0,0,1,2013-08-01,10,200,19,111,50,15,19,6,5,1,8,6
7313,1949,2n Cycle,Widow,74859.0,0,0,2013-06-03,63,570,73,614,133,102,73,1,6,5,11,3
7600,1992,Basic,Single,15253.0,1,0,2013-10-28,13,1,3,3,8,1,13,2,1,0,3,7
9706,1974,PhD,Single,31560.0,1,0,2013-06-24,98,62,1,20,4,0,7,2,2,1,3,8
2429,1954,Graduation,Divorced,72071.0,0,1,2013-02-14,4,531,69,300,150,138,150,3,5,4,8,2
3520,1990,Master,Single,91172.0,0,0,2013-03-27,94,162,28,818,0,28,56,0,4,3,7,3
10394,1984,Graduation,Married,90000.0,0,0,2013-12-23,91,675,144,133,94,192,241,1,4,8,5,1
4548,1981,Graduation,Single,41967.0,1,1,2013-11-23,66,23,4,10,0,2,15,1,1,0,3,4
9362,1965,Graduation,Single,69263.0,0,1,2014-03-05,14,492,5,32,13,5,21,1,9,1,7,6
3968,1970,2n Cycle,Divorced,65706.0,0,0,2013-06-28,77,918,10,129,13,0,129,1,11,3,12,7
4084,1975,Graduation,Together,60934.0,0,1,2014-01-17,41,224,155,155,192,93,54,2,6,4,11,4
6721,1951,Graduation,Married,71965.0,0,1,2013-07-29,21,572,19,286,50,38,248,3,6,3,5,3
2829,1955,Graduation,Married,65210.0,0,1,2014-03-10,25,626,0,70,0,7,28,2,9,3,8,6
1772,1975,PhD,Married,79174.0,0,0,2013-01-11,2,1074,37,518,193,92,129,1,5,6,7,2
1544,1967,Master,Divorced,81380.0,0,0,2012-12-22,51,741,68,689,224,68,103,1,4,2,10,2
492,1973,PhD,YOLO,48432.0,0,1,2012-10-18,3,322,3,50,4,3,42,5,7,1,6,8
4377,1971,Graduation,Married,52914.0,0,1,2013-01-07,32,254,10,44,30,10,227,2,7,3,3,7
4541,1955,Graduation,Together,38946.0,0,1,2013-10-24,84,116,6,82,6,6,41,2,3,1,6,5
1321,1974,Graduation,Married,26067.0,1,0,2013-11-04,49,22,2,18,0,2,12,3,3,0,3,8
8858,1972,PhD,Married,44325.0,0,1,2013-03-07,69,516,0,21,0,0,5,4,8,2,7,8
3266,1964,Graduation,Married,42523.0,0,0,2014-04-23,96,14,36,11,3,26,35,1,1,1,4,2
11187,1978,Basic,Single,26487.0,1,0,2013-05-20,23,2,8,10,12,14,23,3,2,1,3,5
8207,1957,2n Cycle,Married,53233.0,0,1,2014-03-18,18,28,0,9,3,0,0,1,1,0,3,4
9723,1960,Graduation,Married,67716.0,0,1,2013-01-10,8,530,142,217,62,9,56,4,7,4,13,5
2666,1972,Master,Married,76234.0,0,1,2014-02-06,21,519,50,167,130,0,41,1,8,3,11,3
5721,1956,PhD,Married,84117.0,0,0,2014-05-11,60,611,76,749,59,45,26,1,7,10,6,2
10652,1957,Master,Together,65487.0,0,0,2014-01-10,48,240,67,500,199,0,163,3,3,5,6,2
1646,1972,Basic,Married,25224.0,1,0,2014-03-16,36,4,9,12,11,2,8,2,1,1,3,3
4418,1983,Master,Single,89616.0,0,0,2013-02-25,36,671,47,655,145,111,15,1,7,5,12,2
2656,1971,Graduation,Divorced,40851.0,1,1,2013-02-21,63,23,1,7,0,4,24,1,1,1,2,7
7990,1947,Graduation,Married,27469.0,0,0,2012-08-02,2,9,1,2,3,2,0,1,0,0,3,6
8722,1957,2n Cycle,Married,82347.0,0,0,2012-11-06,38,556,54,845,202,133,63,1,7,7,10,3
7118,1957,Graduation,Married,73803.0,0,1,2012-08-01,61,833,80,363,52,26,174,2,9,5,6,6
2980,1952,Master,Single,8820.0,1,1,2013-03-22,52,12,0,13,4,2,4,4,3,0,3,8
1839,1974,Graduation,Single,43322.0,0,0,2014-04-21,25,56,7,48,10,2,18,1,3,0,4,7
10722,1973,Graduation,Together,55593.0,0,1,2013-08-21,63,293,8,124,11,4,106,2,6,6,3,6
2632,1954,Graduation,Married,50501.0,1,1,2013-06-18,10,297,0,38,13,0,152,7,5,4,4,6
9014,1975,Graduation,Married,37085.0,1,1,2014-06-26,65,39,1,16,2,0,3,4,3,0,3,8
7620,1990,Basic,Single,16185.0,1,0,2013-08-05,71,5,11,16,21,8,45,2,2,2,2,8
10968,1969,Graduation,Single,57731.0,0,1,2012-11-23,0,266,21,300,65,8,44,4,8,8,6,6
11133,1973,PhD,YOLO,48432.0,0,1,2012-10-18,3,322,3,50,4,3,42,5,7,1,6,8
2736,1978,Graduation,Married,73807.0,0,1,2013-01-02,88,366,124,156,71,78,54,2,5,5,11,2
1876,1990,Graduation,Married,18929.0,0,0,2013-02-16,15,32,0,8,23,4,18,1,1,0,4,6
5959,1968,Graduation,Single,35893.0,1,1,2012-10-15,80,158,0,23,0,0,18,6,3,1,5,8
1092,1980,Graduation,Married,61014.0,0,1,2012-08-11,17,269,129,495,182,43,29,4,9,3,4,7
4333,1954,Graduation,Together,32144.0,1,1,2014-03-23,76,41,0,10,0,0,3,4,2,1,3,7
3850,1963,Basic,Together,14918.0,0,1,2012-12-07,52,3,3,3,15,4,15,1,1,0,3,6
6168,1963,Graduation,Divorced,45146.0,1,1,2013-07-15,28,33,0,5,0,0,15,2,1,1,2,4
607,1955,2n Cycle,Divorced,41769.0,0,1,2013-02-13,31,302,29,131,32,0,27,6,8,1,7,8
10469,1981,Graduation,Together,88325.0,0,0,2014-02-05,42,519,71,860,93,27,53,1,6,2,9,2
6983,1950,Master,Divorced,38054.0,1,1,2014-05-01,24,23,2,17,2,1,0,2,2,0,3,7
3661,1995,2n Cycle,Single,80617.0,0,0,2012-10-12,42,594,51,631,72,55,32,1,4,6,8,2
9303,1976,Graduation,Married,5305.0,0,1,2013-07-30,12,12,4,7,1,3,5,0,1,0,0,13
692,1954,Graduation,Together,36807.0,1,1,2012-12-20,88,4,2,5,0,0,5,1,1,0,2,6
736,1983,Graduation,Together,28427.0,1,0,2013-03-21,67,18,3,19,3,3,6,2,2,0,3,8
9589,1948,PhD,Widow,82032.0,0,0,2014-04-05,54,332,194,377,149,125,57,0,4,6,7,1
4838,1978,Graduation,Together,22775.0,1,0,2013-06-19,40,5,1,8,0,0,1,1,1,0,2,8
9246,1985,Master,Together,40101.0,1,0,2012-10-14,73,171,3,129,26,24,62,4,6,1,6,7
6261,1979,Graduation,Married,58025.0,0,1,2013-11-26,81,270,31,88,11,48,22,3,3,2,10,4
7366,1982,Master,Single,75777.0,0,0,2013-07-04,12,712,26,538,69,13,80,1,3,6,11,1
10659,1979,2n Cycle,Together,7500.0,1,0,2013-05-07,7,2,8,11,3,8,21,4,3,2,2,7
1448,1963,Master,Married,33562.0,1,2,2014-06-25,33,21,12,12,0,3,3,3,2,0,4,4
4286,1970,PhD,Single,57642.0,0,1,2014-01-09,24,580,6,58,8,0,27,3,7,6,6,4
4749,1968,Graduation,Together,58554.0,1,1,2012-09-26,55,368,24,68,38,0,88,6,8,2,6,7
4478,1979,Graduation,Married,63777.0,1,1,2013-03-24,87,457,5,106,15,17,53,8,11,1,6,8
4201,1962,Graduation,Single,57967.0,0,1,2013-03-03,39,229,7,137,4,0,91,5,4,2,8,5
8720,1978,2n Cycle,Together,,0,0,2012-08-12,53,32,2,1607,12,4,22,0,0,0,1,0
10084,1972,Graduation,Married,24434.0,2,0,2014-05-18,9,3,2,8,20,0,17,2,2,1,2,7
7004,1984,Graduation,Single,11012.0,1,0,2013-03-16,82,24,3,26,7,1,23,3,3,1,2,9
9817,1970,Master,Single,44802.0,0,0,2012-08-21,71,853,10,143,13,10,20,2,9,4,12,8
8080,1986,Graduation,Single,26816.0,0,0,2012-08-17,50,5,1,6,3,4,3,1,0,0,3,4
9432,1977,Graduation,Together,666666.0,1,0,2013-06-02,23,9,14,18,8,1,12,4,3,1,3,6
8372,1974,Graduation,Married,34421.0,1,0,2013-07-01,81,3,3,7,6,2,9,1,1,0,2,7
10870,1967,Graduation,Married,61223.0,0,1,2013-06-13,46,709,43,182,42,118,247,2,9,3,4,5
4001,1946,PhD,Together,64014.0,2,1,2014-06-10,56,406,0,30,0,0,8,7,8,2,5,7
7270,1981,Graduation,Divorced,56981.0,0,0,2014-01-25,91,908,48,217,32,12,24,1,2,3,13,6
8235,1956,Master,Together,69245.0,0,1,2014-01-24,8,428,30,214,80,30,61,2,6,5,10,3
9405,1954,PhD,Married,52869.0,1,1,2012-10-15,40,84,3,61,2,1,21,3,3,1,4,7
